towID,date,region,tl,wt,age
434,6/7/2016,Ontario-West,65,NA,NA
434,6/7/2016,Ontario-West,94,NA,NA
414,6/5/2016,Ontario-West,86,NA,NA
434,6/7/2016,Ontario-West,64,NA,NA
434,6/7/2016,Ontario-West,76,NA,NA
434,6/7/2016,Ontario-West,53,NA,NA
427,6/7/2016,Ontario-West,73,NA,NA
434,6/7/2016,Ontario-West,59,NA,NA
417,6/6/2016,Ontario-West,75,NA,NA
434,6/7/2016,Ontario-West,89,NA,NA
414,6/5/2016,Ontario-West,119,NA,NA
414,6/5/2016,Ontario-West,82,NA,NA
434,6/7/2016,Ontario-West,69,NA,NA
434,6/7/2016,Ontario-West,59,NA,NA
476,6/7/2016,Ontario-West,97,NA,NA
427,6/7/2016,Ontario-West,68,NA,NA
417,6/6/2016,Ontario-West,87,NA,NA
476,6/7/2016,Ontario-West,64,NA,NA
417,6/6/2016,Ontario-West,75,NA,NA
434,6/7/2016,Ontario-West,87,5.22,4
417,6/6/2016,Ontario-West,53,1.03,1
434,6/7/2016,Ontario-West,73,NA,NA
427,6/7/2016,Ontario-West,41,NA,NA
427,6/7/2016,Ontario-West,46,NA,NA
434,6/7/2016,Ontario-West,104,NA,NA
427,6/7/2016,Ontario-West,106,NA,NA
427,6/7/2016,Ontario-West,88,NA,NA
476,6/7/2016,Ontario-West,88,NA,NA
427,6/7/2016,Ontario-West,65,NA,NA
476,6/7/2016,Ontario-West,75,NA,NA
434,6/7/2016,Ontario-West,84,NA,NA
427,6/7/2016,Ontario-West,83,NA,NA
434,6/7/2016,Ontario-West,122,NA,NA
427,6/7/2016,Ontario-West,134,18.3,9
417,6/6/2016,Ontario-West,43,0.84,1
434,6/7/2016,Ontario-West,67,NA,NA
427,6/7/2016,Ontario-West,44,NA,NA
427,6/7/2016,Ontario-West,71,NA,NA
434,6/7/2016,Ontario-West,83,NA,NA
427,6/7/2016,Ontario-West,44,NA,NA
427,6/7/2016,Ontario-West,84,NA,NA
414,6/5/2016,Ontario-West,50,NA,NA
434,6/7/2016,Ontario-West,84,NA,NA
414,6/5/2016,Ontario-West,70,NA,NA
476,6/7/2016,Ontario-West,106,NA,NA
434,6/7/2016,Ontario-West,84,NA,NA
427,6/7/2016,Ontario-West,46,NA,NA
434,6/7/2016,Ontario-West,79,NA,NA
434,6/7/2016,Ontario-West,70,NA,NA
427,6/7/2016,Ontario-West,61,NA,NA
434,6/7/2016,Ontario-West,45,NA,NA
427,6/7/2016,Ontario-West,94,NA,NA
434,6/7/2016,Ontario-West,74,NA,NA
414,6/5/2016,Ontario-West,60,NA,NA
434,6/7/2016,Ontario-West,102,NA,NA
427,6/7/2016,Ontario-West,79,NA,NA
476,6/7/2016,Ontario-West,74,NA,NA
434,6/7/2016,Ontario-West,40,NA,NA
476,6/7/2016,Ontario-West,85,NA,NA
476,6/7/2016,Ontario-West,46,NA,NA
427,6/7/2016,Ontario-West,113,NA,NA
434,6/7/2016,Ontario-West,83,NA,NA
427,6/7/2016,Ontario-West,44,NA,NA
427,6/7/2016,Ontario-West,111,NA,NA
434,6/7/2016,Ontario-West,37,0.37,1
476,6/7/2016,Ontario-West,41,NA,NA
417,6/6/2016,Ontario-West,63,NA,NA
476,6/7/2016,Ontario-West,41,NA,NA
417,6/6/2016,Ontario-West,106,NA,NA
434,6/7/2016,Ontario-West,45,NA,NA
427,6/7/2016,Ontario-West,83,NA,NA
417,6/6/2016,Ontario-West,106,NA,NA
476,6/7/2016,Ontario-West,52,NA,NA
427,6/7/2016,Ontario-West,111,12.27,6
427,6/7/2016,Ontario-West,68,NA,NA
427,6/7/2016,Ontario-West,48,NA,NA
476,6/7/2016,Ontario-West,68,NA,NA
427,6/7/2016,Ontario-West,107,NA,NA
427,6/7/2016,Ontario-West,51,NA,NA
427,6/7/2016,Ontario-West,54,NA,NA
417,6/6/2016,Ontario-West,49,NA,NA
427,6/7/2016,Ontario-West,67,NA,NA
476,6/7/2016,Ontario-West,51,NA,NA
476,6/7/2016,Ontario-West,80,NA,NA
476,6/7/2016,Ontario-West,95,NA,NA
434,6/7/2016,Ontario-West,41,NA,NA
417,6/6/2016,Ontario-West,107,NA,NA
417,6/6/2016,Ontario-West,72,NA,NA
476,6/7/2016,Ontario-West,62,NA,NA
414,6/5/2016,Ontario-West,121,14.47,8
417,6/6/2016,Ontario-West,88,NA,NA
427,6/7/2016,Ontario-West,42,NA,NA
427,6/7/2016,Ontario-West,53,NA,NA
427,6/7/2016,Ontario-West,50,NA,NA
434,6/7/2016,Ontario-West,61,NA,NA
476,6/7/2016,Ontario-West,96,NA,NA
417,6/6/2016,Ontario-West,95,NA,NA
417,6/6/2016,Ontario-West,68,NA,NA
414,6/5/2016,Ontario-West,45,0.76,1
427,6/7/2016,Ontario-West,59,NA,NA
427,6/7/2016,Ontario-West,84,NA,NA
427,6/7/2016,Ontario-West,41,NA,NA
434,6/7/2016,Ontario-West,63,NA,NA
414,6/5/2016,Ontario-West,46,NA,NA
476,6/7/2016,Ontario-West,86,NA,NA
434,6/7/2016,Ontario-West,103,NA,NA
427,6/7/2016,Ontario-West,82,NA,NA
427,6/7/2016,Ontario-West,66,NA,NA
414,6/5/2016,Ontario-West,88,NA,NA
434,6/7/2016,Ontario-West,60,NA,NA
434,6/7/2016,Ontario-West,120,NA,NA
417,6/6/2016,Ontario-West,46,NA,NA
434,6/7/2016,Ontario-West,115,NA,NA
476,6/7/2016,Ontario-West,46,NA,NA
476,6/7/2016,Ontario-West,106,NA,NA
414,6/5/2016,Ontario-West,95,NA,NA
434,6/7/2016,Ontario-West,71,NA,NA
414,6/5/2016,Ontario-West,78,NA,NA
476,6/7/2016,Ontario-West,64,NA,NA
417,6/6/2016,Ontario-West,70,NA,NA
476,6/7/2016,Ontario-West,64,NA,NA
476,6/7/2016,Ontario-West,83,NA,NA
476,6/7/2016,Ontario-West,45,0.76,1
476,6/7/2016,Ontario-West,65,NA,NA
476,6/7/2016,Ontario-West,46,NA,NA
427,6/7/2016,Ontario-West,107,NA,NA
476,6/7/2016,Ontario-West,52,NA,NA
476,6/7/2016,Ontario-West,63,NA,NA
414,6/5/2016,Ontario-West,80,NA,NA
434,6/7/2016,Ontario-West,41,NA,NA
427,6/7/2016,Ontario-West,98,NA,NA
427,6/7/2016,Ontario-West,113,NA,NA
476,6/7/2016,Ontario-West,74,NA,NA
414,6/5/2016,Ontario-West,76,NA,NA
417,6/6/2016,Ontario-West,80,NA,NA
414,6/5/2016,Ontario-West,62,NA,NA
417,6/6/2016,Ontario-West,42,NA,NA
427,6/7/2016,Ontario-West,44,NA,NA
427,6/7/2016,Ontario-West,98,NA,NA
427,6/7/2016,Ontario-West,59,NA,NA
434,6/7/2016,Ontario-West,90,NA,NA
434,6/7/2016,Ontario-West,69,NA,NA
434,6/7/2016,Ontario-West,66,NA,NA
427,6/7/2016,Ontario-West,121,NA,NA
476,6/7/2016,Ontario-West,90,NA,NA
476,6/7/2016,Ontario-West,81,NA,NA
427,6/7/2016,Ontario-West,123,NA,NA
476,6/7/2016,Ontario-West,65,NA,NA
434,6/7/2016,Ontario-West,105,NA,NA
427,6/7/2016,Ontario-West,71,NA,NA
434,6/7/2016,Ontario-West,44,NA,NA
434,6/7/2016,Ontario-West,68,NA,NA
476,6/7/2016,Ontario-West,105,NA,NA
427,6/7/2016,Ontario-West,96,NA,NA
476,6/7/2016,Ontario-West,82,NA,NA
427,6/7/2016,Ontario-West,68,NA,NA
417,6/6/2016,Ontario-West,40,NA,NA
427,6/7/2016,Ontario-West,63,NA,NA
434,6/7/2016,Ontario-West,62,NA,NA
476,6/7/2016,Ontario-West,85,NA,NA
427,6/7/2016,Ontario-West,92,NA,NA
427,6/7/2016,Ontario-West,80,NA,NA
434,6/7/2016,Ontario-West,52,NA,NA
427,6/7/2016,Ontario-West,44,NA,NA
427,6/7/2016,Ontario-West,84,NA,NA
476,6/7/2016,Ontario-West,61,NA,NA
427,6/7/2016,Ontario-West,65,NA,NA
434,6/7/2016,Ontario-West,97,NA,NA
434,6/7/2016,Ontario-West,51,NA,NA
434,6/7/2016,Ontario-West,91,NA,NA
427,6/7/2016,Ontario-West,65,NA,NA
427,6/7/2016,Ontario-West,71,NA,NA
427,6/7/2016,Ontario-West,74,NA,NA
417,6/6/2016,Ontario-West,81,NA,NA
434,6/7/2016,Ontario-West,78,NA,NA
414,6/5/2016,Ontario-West,73,NA,NA
417,6/6/2016,Ontario-West,93,NA,NA
427,6/7/2016,Ontario-West,91,NA,NA
434,6/7/2016,Ontario-West,66,NA,NA
414,6/5/2016,Ontario-West,45,NA,NA
434,6/7/2016,Ontario-West,91,NA,NA
414,6/5/2016,Ontario-West,67,NA,NA
434,6/7/2016,Ontario-West,103,NA,NA
427,6/7/2016,Ontario-West,67,NA,NA
427,6/7/2016,Ontario-West,70,NA,NA
427,6/7/2016,Ontario-West,73,NA,NA
427,6/7/2016,Ontario-West,86,NA,NA
476,6/7/2016,Ontario-West,71,NA,NA
427,6/7/2016,Ontario-West,97,NA,NA
476,6/7/2016,Ontario-West,102,NA,NA
476,6/7/2016,Ontario-West,45,NA,NA
417,6/6/2016,Ontario-West,92,NA,NA
434,6/7/2016,Ontario-West,63,NA,NA
434,6/7/2016,Ontario-West,98,NA,NA
434,6/7/2016,Ontario-West,84,NA,NA
476,6/7/2016,Ontario-West,86,NA,NA
414,6/5/2016,Ontario-West,90,NA,NA
414,6/5/2016,Ontario-West,80,NA,NA
414,6/5/2016,Ontario-West,88,NA,NA
417,6/6/2016,Ontario-West,109,NA,NA
434,6/7/2016,Ontario-West,50,NA,NA
476,6/7/2016,Ontario-West,90,NA,NA
434,6/7/2016,Ontario-West,68,NA,NA
476,6/7/2016,Ontario-West,65,NA,NA
427,6/7/2016,Ontario-West,72,NA,NA
427,6/7/2016,Ontario-West,101,NA,NA
427,6/7/2016,Ontario-West,51,NA,NA
414,6/5/2016,Ontario-West,65,NA,NA
427,6/7/2016,Ontario-West,101,NA,NA
427,6/7/2016,Ontario-West,48,NA,NA
476,6/7/2016,Ontario-West,109,NA,NA
476,6/7/2016,Ontario-West,66,NA,NA
476,6/7/2016,Ontario-West,87,NA,NA
476,6/7/2016,Ontario-West,76,NA,NA
434,6/7/2016,Ontario-West,41,NA,NA
414,6/5/2016,Ontario-West,70,NA,NA
434,6/7/2016,Ontario-West,71,NA,NA
417,6/6/2016,Ontario-West,75,NA,NA
476,6/7/2016,Ontario-West,70,NA,NA
427,6/7/2016,Ontario-West,76,NA,NA
414,6/5/2016,Ontario-West,84,NA,NA
427,6/7/2016,Ontario-West,73,NA,NA
417,6/6/2016,Ontario-West,48,NA,NA
476,6/7/2016,Ontario-West,85,NA,NA
427,6/7/2016,Ontario-West,107,NA,NA
417,6/6/2016,Ontario-West,76,NA,NA
476,6/7/2016,Ontario-West,60,NA,NA
427,6/7/2016,Ontario-West,86,NA,NA
434,6/7/2016,Ontario-West,119,15.68,8
434,6/7/2016,Ontario-West,43,NA,NA
434,6/7/2016,Ontario-West,60,NA,NA
427,6/7/2016,Ontario-West,82,NA,NA
476,6/7/2016,Ontario-West,80,NA,NA
414,6/5/2016,Ontario-West,56,NA,NA
434,6/7/2016,Ontario-West,78,NA,NA
434,6/7/2016,Ontario-West,57,NA,NA
414,6/5/2016,Ontario-West,61,NA,NA
417,6/6/2016,Ontario-West,86,NA,NA
434,6/7/2016,Ontario-West,64,NA,NA
476,6/7/2016,Ontario-West,66,NA,NA
434,6/7/2016,Ontario-West,113,NA,NA
427,6/7/2016,Ontario-West,66,NA,NA
476,6/7/2016,Ontario-West,83,NA,NA
434,6/7/2016,Ontario-West,81,NA,NA
417,6/6/2016,Ontario-West,43,NA,NA
427,6/7/2016,Ontario-West,45,NA,NA
427,6/7/2016,Ontario-West,93,NA,NA
414,6/5/2016,Ontario-West,65,NA,NA
476,6/7/2016,Ontario-West,65,NA,NA
417,6/6/2016,Ontario-West,43,NA,NA
476,6/7/2016,Ontario-West,102,NA,NA
427,6/7/2016,Ontario-West,53,NA,NA
434,6/7/2016,Ontario-West,68,NA,NA
434,6/7/2016,Ontario-West,67,NA,NA
427,6/7/2016,Ontario-West,98,NA,NA
476,6/7/2016,Ontario-West,114,NA,NA
476,6/7/2016,Ontario-West,82,NA,NA
434,6/7/2016,Ontario-West,97,NA,NA
434,6/7/2016,Ontario-West,78,NA,NA
476,6/7/2016,Ontario-West,51,NA,NA
427,6/7/2016,Ontario-West,99,NA,NA
434,6/7/2016,Ontario-West,79,NA,NA
434,6/7/2016,Ontario-West,96,NA,NA
476,6/7/2016,Ontario-West,80,NA,NA
427,6/7/2016,Ontario-West,54,NA,NA
417,6/6/2016,Ontario-West,41,NA,NA
476,6/7/2016,Ontario-West,120,11.86,6
476,6/7/2016,Ontario-West,45,NA,NA
476,6/7/2016,Ontario-West,89,NA,NA
434,6/7/2016,Ontario-West,112,NA,NA
434,6/7/2016,Ontario-West,81,NA,NA
434,6/7/2016,Ontario-West,118,NA,NA
476,6/7/2016,Ontario-West,60,NA,NA
434,6/7/2016,Ontario-West,43,NA,NA
434,6/7/2016,Ontario-West,47,NA,NA
417,6/6/2016,Ontario-West,69,NA,NA
414,6/5/2016,Ontario-West,78,NA,NA
476,6/7/2016,Ontario-West,85,NA,NA
434,6/7/2016,Ontario-West,78,NA,NA
427,6/7/2016,Ontario-West,71,NA,NA
476,6/7/2016,Ontario-West,63,NA,NA
417,6/6/2016,Ontario-West,70,NA,NA
434,6/7/2016,Ontario-West,63,NA,NA
414,6/5/2016,Ontario-West,88,NA,NA
427,6/7/2016,Ontario-West,105,NA,NA
434,6/7/2016,Ontario-West,68,NA,NA
427,6/7/2016,Ontario-West,38,0.52,1
476,6/7/2016,Ontario-West,112,NA,NA
427,6/7/2016,Ontario-West,74,NA,NA
427,6/7/2016,Ontario-West,109,NA,NA
427,6/7/2016,Ontario-West,66,NA,NA
414,6/5/2016,Ontario-West,47,NA,NA
434,6/7/2016,Ontario-West,95,NA,NA
414,6/5/2016,Ontario-West,113,NA,NA
417,6/6/2016,Ontario-West,66,NA,NA
476,6/7/2016,Ontario-West,69,NA,NA
414,6/5/2016,Ontario-West,123,13.58,6
414,6/5/2016,Ontario-West,121,NA,NA
434,6/7/2016,Ontario-West,42,NA,NA
427,6/7/2016,Ontario-West,100,NA,NA
417,6/6/2016,Ontario-West,56,NA,NA
476,6/7/2016,Ontario-West,65,NA,NA
417,6/6/2016,Ontario-West,62,NA,NA
476,6/7/2016,Ontario-West,48,NA,NA
427,6/7/2016,Ontario-West,105,NA,NA
434,6/7/2016,Ontario-West,103,NA,NA
427,6/7/2016,Ontario-West,62,NA,NA
427,6/7/2016,Ontario-West,53,NA,NA
427,6/7/2016,Ontario-West,76,NA,NA
434,6/7/2016,Ontario-West,99,NA,NA
476,6/7/2016,Ontario-West,68,NA,NA
427,6/7/2016,Ontario-West,68,NA,NA
476,6/7/2016,Ontario-West,93,NA,NA
476,6/7/2016,Ontario-West,47,NA,NA
427,6/7/2016,Ontario-West,59,NA,NA
427,6/7/2016,Ontario-West,54,NA,NA
434,6/7/2016,Ontario-West,88,NA,NA
434,6/7/2016,Ontario-West,43,NA,NA
476,6/7/2016,Ontario-West,42,NA,NA
434,6/7/2016,Ontario-West,57,NA,NA
427,6/7/2016,Ontario-West,76,NA,NA
414,6/5/2016,Ontario-West,93,NA,NA
476,6/7/2016,Ontario-West,82,NA,NA
434,6/7/2016,Ontario-West,100,NA,NA
434,6/7/2016,Ontario-West,42,NA,NA
434,6/7/2016,Ontario-West,127,NA,NA
476,6/7/2016,Ontario-West,109,NA,NA
417,6/6/2016,Ontario-West,52,NA,NA
476,6/7/2016,Ontario-West,55,NA,NA
434,6/7/2016,Ontario-West,47,NA,NA
434,6/7/2016,Ontario-West,49,NA,NA
434,6/7/2016,Ontario-West,106,NA,NA
414,6/5/2016,Ontario-West,92,NA,NA
476,6/7/2016,Ontario-West,90,NA,NA
417,6/6/2016,Ontario-West,91,NA,NA
417,6/6/2016,Ontario-West,48,NA,NA
434,6/7/2016,Ontario-West,65,NA,NA
434,6/7/2016,Ontario-West,70,NA,NA
427,6/7/2016,Ontario-West,89,NA,NA
476,6/7/2016,Ontario-West,69,NA,NA
417,6/6/2016,Ontario-West,95,NA,NA
434,6/7/2016,Ontario-West,75,NA,NA
417,6/6/2016,Ontario-West,71,NA,NA
427,6/7/2016,Ontario-West,48,NA,NA
434,6/7/2016,Ontario-West,77,NA,NA
434,6/7/2016,Ontario-West,103,NA,NA
434,6/7/2016,Ontario-West,77,NA,NA
476,6/7/2016,Ontario-West,124,NA,NA
427,6/7/2016,Ontario-West,101,NA,NA
476,6/7/2016,Ontario-West,69,NA,NA
414,6/5/2016,Ontario-West,78,NA,NA
427,6/7/2016,Ontario-West,69,NA,NA
434,6/7/2016,Ontario-West,94,NA,NA
427,6/7/2016,Ontario-West,63,NA,NA
414,6/5/2016,Ontario-West,90,NA,NA
434,6/7/2016,Ontario-West,58,NA,NA
476,6/7/2016,Ontario-West,87,NA,NA
434,6/7/2016,Ontario-West,83,NA,NA
476,6/7/2016,Ontario-West,42,NA,NA
417,6/6/2016,Ontario-West,41,NA,NA
427,6/7/2016,Ontario-West,60,NA,NA
427,6/7/2016,Ontario-West,81,4.37,3
476,6/7/2016,Ontario-West,63,NA,NA
434,6/7/2016,Ontario-West,46,NA,NA
427,6/7/2016,Ontario-West,107,NA,NA
427,6/7/2016,Ontario-West,76,NA,NA
417,6/6/2016,Ontario-West,76,NA,NA
414,6/5/2016,Ontario-West,105,NA,NA
427,6/7/2016,Ontario-West,72,NA,NA
427,6/7/2016,Ontario-West,41,NA,NA
476,6/7/2016,Ontario-West,56,NA,NA
434,6/7/2016,Ontario-West,54,NA,NA
427,6/7/2016,Ontario-West,85,NA,NA
476,6/7/2016,Ontario-West,65,NA,NA
434,6/7/2016,Ontario-West,47,NA,NA
427,6/7/2016,Ontario-West,67,NA,NA
476,6/7/2016,Ontario-West,44,NA,NA
434,6/7/2016,Ontario-West,44,NA,NA
434,6/7/2016,Ontario-West,92,NA,NA
476,6/7/2016,Ontario-West,115,NA,NA
427,6/7/2016,Ontario-West,95,NA,NA
414,6/5/2016,Ontario-West,63,NA,NA
476,6/7/2016,Ontario-West,65,NA,NA
427,6/7/2016,Ontario-West,41,NA,NA
427,6/7/2016,Ontario-West,87,NA,NA
417,6/6/2016,Ontario-West,100,NA,NA
414,6/5/2016,Ontario-West,84,NA,NA
434,6/7/2016,Ontario-West,69,NA,NA
476,6/7/2016,Ontario-West,68,NA,NA
427,6/7/2016,Ontario-West,65,NA,NA
476,6/7/2016,Ontario-West,69,NA,NA
427,6/7/2016,Ontario-West,62,NA,NA
434,6/7/2016,Ontario-West,50,NA,NA
434,6/7/2016,Ontario-West,91,NA,NA
434,6/7/2016,Ontario-West,61,NA,NA
427,6/7/2016,Ontario-West,78,4.3,3
476,6/7/2016,Ontario-West,65,NA,NA
434,6/7/2016,Ontario-West,109,NA,NA
476,6/7/2016,Ontario-West,77,NA,NA
427,6/7/2016,Ontario-West,100,NA,NA
476,6/7/2016,Ontario-West,60,NA,NA
476,6/7/2016,Ontario-West,116,NA,NA
476,6/7/2016,Ontario-West,75,NA,NA
476,6/7/2016,Ontario-West,41,NA,NA
414,6/5/2016,Ontario-West,43,NA,NA
427,6/7/2016,Ontario-West,91,NA,NA
427,6/7/2016,Ontario-West,112,NA,NA
434,6/7/2016,Ontario-West,80,NA,NA
414,6/5/2016,Ontario-West,80,NA,NA
434,6/7/2016,Ontario-West,62,NA,NA
427,6/7/2016,Ontario-West,82,NA,NA
434,6/7/2016,Ontario-West,75,NA,NA
427,6/7/2016,Ontario-West,58,1.39,2
476,6/7/2016,Ontario-West,43,NA,NA
434,6/7/2016,Ontario-West,94,NA,NA
434,6/7/2016,Ontario-West,65,NA,NA
427,6/7/2016,Ontario-West,46,NA,NA
427,6/7/2016,Ontario-West,64,NA,NA
434,6/7/2016,Ontario-West,82,NA,NA
427,6/7/2016,Ontario-West,83,NA,NA
427,6/7/2016,Ontario-West,46,NA,NA
427,6/7/2016,Ontario-West,62,NA,NA
427,6/7/2016,Ontario-West,42,NA,NA
434,6/7/2016,Ontario-West,96,NA,NA
417,6/6/2016,Ontario-West,65,NA,NA
427,6/7/2016,Ontario-West,81,NA,NA
476,6/7/2016,Ontario-West,69,NA,NA
434,6/7/2016,Ontario-West,63,NA,NA
434,6/7/2016,Ontario-West,71,NA,NA
476,6/7/2016,Ontario-West,101,NA,NA
434,6/7/2016,Ontario-West,90,NA,NA
434,6/7/2016,Ontario-West,83,NA,NA
427,6/7/2016,Ontario-West,83,NA,NA
434,6/7/2016,Ontario-West,60,NA,NA
434,6/7/2016,Ontario-West,85,NA,NA
476,6/7/2016,Ontario-West,66,NA,NA
434,6/7/2016,Ontario-West,47,NA,NA
434,6/7/2016,Ontario-West,66,NA,NA
434,6/7/2016,Ontario-West,60,NA,NA
427,6/7/2016,Ontario-West,102,NA,NA
476,6/7/2016,Ontario-West,60,NA,NA
427,6/7/2016,Ontario-West,81,NA,NA
476,6/7/2016,Ontario-West,64,NA,NA
427,6/7/2016,Ontario-West,92,NA,NA
427,6/7/2016,Ontario-West,49,NA,NA
434,6/7/2016,Ontario-West,75,NA,NA
434,6/7/2016,Ontario-West,41,NA,NA
414,6/5/2016,Ontario-West,45,NA,NA
434,6/7/2016,Ontario-West,67,NA,NA
427,6/7/2016,Ontario-West,96,NA,NA
427,6/7/2016,Ontario-West,40,NA,NA
427,6/7/2016,Ontario-West,108,NA,NA
434,6/7/2016,Ontario-West,91,NA,NA
476,6/7/2016,Ontario-West,102,NA,NA
427,6/7/2016,Ontario-West,61,NA,NA
427,6/7/2016,Ontario-West,81,NA,NA
427,6/7/2016,Ontario-West,62,NA,NA
417,6/6/2016,Ontario-West,108,NA,NA
414,6/5/2016,Ontario-West,117,NA,NA
427,6/7/2016,Ontario-West,67,NA,NA
417,6/6/2016,Ontario-West,108,NA,NA
476,6/7/2016,Ontario-West,69,NA,NA
434,6/7/2016,Ontario-West,98,NA,NA
476,6/7/2016,Ontario-West,80,NA,NA
417,6/6/2016,Ontario-West,66,NA,NA
427,6/7/2016,Ontario-West,46,NA,NA
427,6/7/2016,Ontario-West,78,NA,NA
476,6/7/2016,Ontario-West,84,NA,NA
476,6/7/2016,Ontario-West,105,NA,NA
434,6/7/2016,Ontario-West,54,NA,NA
427,6/7/2016,Ontario-West,106,NA,NA
417,6/6/2016,Ontario-West,63,NA,NA
476,6/7/2016,Ontario-West,87,NA,NA
427,6/7/2016,Ontario-West,67,NA,NA
434,6/7/2016,Ontario-West,66,NA,NA
476,6/7/2016,Ontario-West,65,NA,NA
427,6/7/2016,Ontario-West,123,NA,NA
434,6/7/2016,Ontario-West,81,NA,NA
434,6/7/2016,Ontario-West,67,NA,NA
427,6/7/2016,Ontario-West,60,NA,NA
434,6/7/2016,Ontario-West,54,NA,NA
414,6/5/2016,Ontario-West,77,NA,NA
427,6/7/2016,Ontario-West,53,0.91,1
427,6/7/2016,Ontario-West,64,NA,NA
417,6/6/2016,Ontario-West,124,NA,NA
434,6/7/2016,Ontario-West,105,NA,NA
427,6/7/2016,Ontario-West,66,NA,NA
434,6/7/2016,Ontario-West,118,NA,NA
427,6/7/2016,Ontario-West,72,NA,NA
476,6/7/2016,Ontario-West,102,NA,NA
476,6/7/2016,Ontario-West,104,NA,NA
427,6/7/2016,Ontario-West,62,NA,NA
427,6/7/2016,Ontario-West,69,NA,NA
434,6/7/2016,Ontario-West,78,NA,NA
476,6/7/2016,Ontario-West,79,NA,NA
427,6/7/2016,Ontario-West,56,NA,NA
427,6/7/2016,Ontario-West,85,NA,NA
476,6/7/2016,Ontario-West,105,NA,NA
414,6/5/2016,Ontario-West,45,NA,NA
427,6/7/2016,Ontario-West,104,NA,NA
414,6/5/2016,Ontario-West,76,NA,NA
434,6/7/2016,Ontario-West,41,NA,NA
414,6/5/2016,Ontario-West,62,NA,NA
434,6/7/2016,Ontario-West,95,NA,NA
427,6/7/2016,Ontario-West,41,NA,NA
427,6/7/2016,Ontario-West,47,NA,NA
414,6/5/2016,Ontario-West,112,NA,NA
434,6/7/2016,Ontario-West,68,NA,NA
434,6/7/2016,Ontario-West,63,NA,NA
414,6/5/2016,Ontario-West,94,NA,NA
417,6/6/2016,Ontario-West,59,NA,NA
427,6/7/2016,Ontario-West,65,NA,NA
417,6/6/2016,Ontario-West,103,NA,NA
414,6/5/2016,Ontario-West,112,NA,NA
476,6/7/2016,Ontario-West,69,NA,NA
417,6/6/2016,Ontario-West,53,NA,NA
427,6/7/2016,Ontario-West,72,NA,NA
476,6/7/2016,Ontario-West,43,NA,NA
476,6/7/2016,Ontario-West,48,NA,NA
476,6/7/2016,Ontario-West,67,NA,NA
427,6/7/2016,Ontario-West,63,NA,NA
427,6/7/2016,Ontario-West,64,NA,NA
414,6/5/2016,Ontario-West,52,NA,NA
476,6/7/2016,Ontario-West,69,NA,NA
414,6/5/2016,Ontario-West,123,NA,NA
417,6/6/2016,Ontario-West,99,NA,NA
417,6/6/2016,Ontario-West,59,NA,NA
476,6/7/2016,Ontario-West,47,NA,NA
434,6/7/2016,Ontario-West,78,NA,NA
414,6/5/2016,Ontario-West,86,NA,NA
417,6/6/2016,Ontario-West,61,NA,NA
417,6/6/2016,Ontario-West,101,NA,NA
427,6/7/2016,Ontario-West,66,NA,NA
476,6/7/2016,Ontario-West,71,NA,NA
476,6/7/2016,Ontario-West,54,NA,NA
427,6/7/2016,Ontario-West,66,NA,NA
434,6/7/2016,Ontario-West,71,NA,NA
476,6/7/2016,Ontario-West,82,NA,NA
434,6/7/2016,Ontario-West,51,NA,NA
427,6/7/2016,Ontario-West,63,NA,NA
427,6/7/2016,Ontario-West,50,NA,NA
417,6/6/2016,Ontario-West,43,NA,NA
434,6/7/2016,Ontario-West,120,NA,NA
427,6/7/2016,Ontario-West,95,NA,NA
414,6/5/2016,Ontario-West,102,NA,NA
427,6/7/2016,Ontario-West,98,NA,NA
476,6/7/2016,Ontario-West,101,NA,NA
476,6/7/2016,Ontario-West,82,NA,NA
427,6/7/2016,Ontario-West,58,NA,NA
434,6/7/2016,Ontario-West,97,NA,NA
414,6/5/2016,Ontario-West,93,NA,NA
476,6/7/2016,Ontario-West,94,NA,NA
476,6/7/2016,Ontario-West,43,NA,NA
476,6/7/2016,Ontario-West,87,NA,NA
427,6/7/2016,Ontario-West,70,NA,NA
434,6/7/2016,Ontario-West,53,NA,NA
434,6/7/2016,Ontario-West,97,NA,NA
434,6/7/2016,Ontario-West,104,NA,NA
434,6/7/2016,Ontario-West,83,NA,NA
476,6/7/2016,Ontario-West,88,NA,NA
417,6/6/2016,Ontario-West,72,NA,NA
417,6/6/2016,Ontario-West,50,NA,NA
476,6/7/2016,Ontario-West,68,NA,NA
434,6/7/2016,Ontario-West,57,NA,NA
414,6/5/2016,Ontario-West,73,NA,NA
476,6/7/2016,Ontario-West,128,NA,NA
476,6/7/2016,Ontario-West,42,NA,NA
427,6/7/2016,Ontario-West,85,NA,NA
434,6/7/2016,Ontario-West,78,NA,NA
476,6/7/2016,Ontario-West,67,NA,NA
414,6/5/2016,Ontario-West,83,NA,NA
476,6/7/2016,Ontario-West,105,8.51,5
414,6/5/2016,Ontario-West,93,NA,NA
417,6/6/2016,Ontario-West,84,NA,NA
427,6/7/2016,Ontario-West,67,NA,NA
476,6/7/2016,Ontario-West,68,NA,NA
427,6/7/2016,Ontario-West,78,NA,NA
434,6/7/2016,Ontario-West,49,NA,NA
434,6/7/2016,Ontario-West,108,NA,NA
427,6/7/2016,Ontario-West,79,NA,NA
417,6/6/2016,Ontario-West,76,NA,NA
434,6/7/2016,Ontario-West,77,NA,NA
427,6/7/2016,Ontario-West,83,NA,NA
427,6/7/2016,Ontario-West,82,NA,NA
427,6/7/2016,Ontario-West,105,NA,NA
427,6/7/2016,Ontario-West,66,NA,NA
427,6/7/2016,Ontario-West,82,NA,NA
434,6/7/2016,Ontario-West,72,NA,NA
476,6/7/2016,Ontario-West,121,NA,NA
427,6/7/2016,Ontario-West,81,NA,NA
476,6/7/2016,Ontario-West,84,NA,NA
434,6/7/2016,Ontario-West,109,NA,NA
434,6/7/2016,Ontario-West,54,NA,NA
417,6/6/2016,Ontario-West,123,NA,NA
476,6/7/2016,Ontario-West,62,NA,NA
434,6/7/2016,Ontario-West,79,NA,NA
434,6/7/2016,Ontario-West,81,NA,NA
476,6/7/2016,Ontario-West,111,NA,NA
434,6/7/2016,Ontario-West,48,NA,NA
434,6/7/2016,Ontario-West,40,NA,NA
476,6/7/2016,Ontario-West,42,NA,NA
427,6/7/2016,Ontario-West,52,NA,NA
427,6/7/2016,Ontario-West,99,NA,NA
434,6/7/2016,Ontario-West,68,NA,NA
434,6/7/2016,Ontario-West,73,NA,NA
427,6/7/2016,Ontario-West,118,NA,NA
414,6/5/2016,Ontario-West,63,NA,NA
476,6/7/2016,Ontario-West,103,NA,NA
434,6/7/2016,Ontario-West,64,NA,NA
427,6/7/2016,Ontario-West,104,NA,NA
434,6/7/2016,Ontario-West,47,NA,NA
427,6/7/2016,Ontario-West,105,NA,NA
476,6/7/2016,Ontario-West,103,NA,NA
434,6/7/2016,Ontario-West,40,NA,NA
427,6/7/2016,Ontario-West,101,NA,NA
427,6/7/2016,Ontario-West,79,NA,NA
434,6/7/2016,Ontario-West,97,8.33,4
434,6/7/2016,Ontario-West,124,NA,NA
434,6/7/2016,Ontario-West,44,NA,NA
476,6/7/2016,Ontario-West,105,NA,NA
427,6/7/2016,Ontario-West,38,0.48,1
434,6/7/2016,Ontario-West,53,NA,NA
427,6/7/2016,Ontario-West,111,NA,NA
476,6/7/2016,Ontario-West,79,NA,NA
434,6/7/2016,Ontario-West,83,NA,NA
417,6/6/2016,Ontario-West,63,NA,NA
427,6/7/2016,Ontario-West,35,0.32,1
476,6/7/2016,Ontario-West,82,NA,NA
417,6/6/2016,Ontario-West,47,NA,NA
427,6/7/2016,Ontario-West,41,NA,NA
434,6/7/2016,Ontario-West,87,NA,NA
434,6/7/2016,Ontario-West,84,NA,NA
427,6/7/2016,Ontario-West,38,NA,NA
427,6/7/2016,Ontario-West,87,NA,NA
414,6/5/2016,Ontario-West,90,NA,NA
476,6/7/2016,Ontario-West,96,NA,NA
434,6/7/2016,Ontario-West,99,NA,NA
434,6/7/2016,Ontario-West,119,NA,NA
476,6/7/2016,Ontario-West,64,NA,NA
476,6/7/2016,Ontario-West,66,NA,NA
417,6/6/2016,Ontario-West,46,NA,NA
427,6/7/2016,Ontario-West,114,NA,NA
434,6/7/2016,Ontario-West,92,NA,NA
427,6/7/2016,Ontario-West,91,NA,NA
427,6/7/2016,Ontario-West,47,NA,NA
434,6/7/2016,Ontario-West,39,NA,NA
476,6/7/2016,Ontario-West,42,NA,NA
417,6/6/2016,Ontario-West,66,NA,NA
427,6/7/2016,Ontario-West,64,NA,NA
476,6/7/2016,Ontario-West,49,NA,NA
476,6/7/2016,Ontario-West,97,NA,NA
434,6/7/2016,Ontario-West,68,NA,NA
476,6/7/2016,Ontario-West,78,NA,NA
476,6/7/2016,Ontario-West,80,NA,NA
476,6/7/2016,Ontario-West,80,NA,NA
476,6/7/2016,Ontario-West,73,NA,NA
434,6/7/2016,Ontario-West,98,NA,NA
476,6/7/2016,Ontario-West,43,NA,NA
427,6/7/2016,Ontario-West,68,NA,NA
434,6/7/2016,Ontario-West,68,NA,NA
434,6/7/2016,Ontario-West,84,NA,NA
434,6/7/2016,Ontario-West,110,NA,NA
434,6/7/2016,Ontario-West,76,NA,NA
476,6/7/2016,Ontario-West,113,NA,NA
414,6/5/2016,Ontario-West,49,NA,NA
427,6/7/2016,Ontario-West,99,NA,NA
427,6/7/2016,Ontario-West,66,NA,NA
427,6/7/2016,Ontario-West,65,NA,NA
427,6/7/2016,Ontario-West,66,NA,NA
434,6/7/2016,Ontario-West,90,NA,NA
476,6/7/2016,Ontario-West,64,NA,NA
414,6/5/2016,Ontario-West,87,NA,NA
414,6/5/2016,Ontario-West,74,NA,NA
427,6/7/2016,Ontario-West,99,NA,NA
434,6/7/2016,Ontario-West,69,NA,NA
434,6/7/2016,Ontario-West,88,NA,NA
427,6/7/2016,Ontario-West,59,NA,NA
434,6/7/2016,Ontario-West,50,NA,NA
427,6/7/2016,Ontario-West,111,NA,NA
414,6/5/2016,Ontario-West,90,NA,NA
417,6/6/2016,Ontario-West,81,NA,NA
434,6/7/2016,Ontario-West,67,NA,NA
476,6/7/2016,Ontario-West,47,NA,NA
414,6/5/2016,Ontario-West,67,NA,NA
434,6/7/2016,Ontario-West,65,NA,NA
414,6/5/2016,Ontario-West,48,NA,NA
434,6/7/2016,Ontario-West,84,NA,NA
417,6/6/2016,Ontario-West,48,NA,NA
417,6/6/2016,Ontario-West,88,NA,NA
434,6/7/2016,Ontario-West,67,NA,NA
434,6/7/2016,Ontario-West,83,NA,NA
434,6/7/2016,Ontario-West,80,NA,NA
414,6/5/2016,Ontario-West,60,NA,NA
427,6/7/2016,Ontario-West,42,NA,NA
476,6/7/2016,Ontario-West,96,NA,NA
434,6/7/2016,Ontario-West,60,NA,NA
434,6/7/2016,Ontario-West,67,NA,NA
427,6/7/2016,Ontario-West,64,NA,NA
427,6/7/2016,Ontario-West,45,NA,NA
434,6/7/2016,Ontario-West,63,NA,NA
434,6/7/2016,Ontario-West,73,NA,NA
427,6/7/2016,Ontario-West,92,NA,NA
427,6/7/2016,Ontario-West,78,NA,NA
427,6/7/2016,Ontario-West,88,NA,NA
427,6/7/2016,Ontario-West,103,NA,NA
434,6/7/2016,Ontario-West,40,NA,NA
414,6/5/2016,Ontario-West,45,NA,NA
476,6/7/2016,Ontario-West,83,NA,NA
434,6/7/2016,Ontario-West,119,NA,NA
434,6/7/2016,Ontario-West,78,NA,NA
414,6/5/2016,Ontario-West,61,NA,NA
476,6/7/2016,Ontario-West,65,NA,NA
476,6/7/2016,Ontario-West,67,NA,NA
417,6/6/2016,Ontario-West,80,NA,NA
427,6/7/2016,Ontario-West,51,NA,NA
476,6/7/2016,Ontario-West,100,NA,NA
417,6/6/2016,Ontario-West,65,NA,NA
434,6/7/2016,Ontario-West,66,NA,NA
476,6/7/2016,Ontario-West,81,NA,NA
476,6/7/2016,Ontario-West,100,NA,NA
427,6/7/2016,Ontario-West,96,NA,NA
434,6/7/2016,Ontario-West,107,NA,NA
427,6/7/2016,Ontario-West,65,NA,NA
434,6/7/2016,Ontario-West,50,NA,NA
427,6/7/2016,Ontario-West,45,NA,NA
434,6/7/2016,Ontario-West,74,NA,NA
417,6/6/2016,Ontario-West,60,NA,NA
476,6/7/2016,Ontario-West,61,1.94,2
417,6/6/2016,Ontario-West,82,NA,NA
434,6/7/2016,Ontario-West,41,NA,NA
414,6/5/2016,Ontario-West,58,NA,NA
434,6/7/2016,Ontario-West,85,NA,NA
427,6/7/2016,Ontario-West,79,NA,NA
476,6/7/2016,Ontario-West,85,NA,NA
427,6/7/2016,Ontario-West,68,NA,NA
476,6/7/2016,Ontario-West,79,NA,NA
476,6/7/2016,Ontario-West,81,NA,NA
427,6/7/2016,Ontario-West,51,NA,NA
427,6/7/2016,Ontario-West,115,NA,NA
414,6/5/2016,Ontario-West,42,NA,NA
427,6/7/2016,Ontario-West,113,NA,NA
427,6/7/2016,Ontario-West,96,NA,NA
476,6/7/2016,Ontario-West,85,NA,NA
476,6/7/2016,Ontario-West,42,NA,NA
427,6/7/2016,Ontario-West,77,NA,NA
434,6/7/2016,Ontario-West,60,NA,NA
434,6/7/2016,Ontario-West,70,NA,NA
417,6/6/2016,Ontario-West,61,NA,NA
417,6/6/2016,Ontario-West,94,NA,NA
434,6/7/2016,Ontario-West,66,NA,NA
414,6/5/2016,Ontario-West,126,17.22,9
476,6/7/2016,Ontario-West,69,NA,NA
476,6/7/2016,Ontario-West,112,NA,NA
427,6/7/2016,Ontario-West,82,NA,NA
434,6/7/2016,Ontario-West,63,NA,NA
427,6/7/2016,Ontario-West,84,NA,NA
427,6/7/2016,Ontario-West,91,NA,NA
434,6/7/2016,Ontario-West,59,NA,NA
434,6/7/2016,Ontario-West,84,NA,NA
417,6/6/2016,Ontario-West,64,NA,NA
427,6/7/2016,Ontario-West,133,22,9
427,6/7/2016,Ontario-West,71,NA,NA
417,6/6/2016,Ontario-West,103,NA,NA
427,6/7/2016,Ontario-West,100,NA,NA
476,6/7/2016,Ontario-West,64,NA,NA
434,6/7/2016,Ontario-West,66,NA,NA
427,6/7/2016,Ontario-West,83,NA,NA
434,6/7/2016,Ontario-West,68,NA,NA
476,6/7/2016,Ontario-West,84,NA,NA
434,6/7/2016,Ontario-West,73,NA,NA
427,6/7/2016,Ontario-West,97,NA,NA
476,6/7/2016,Ontario-West,47,NA,NA
476,6/7/2016,Ontario-West,80,NA,NA
417,6/6/2016,Ontario-West,111,NA,NA
434,6/7/2016,Ontario-West,68,NA,NA
427,6/7/2016,Ontario-West,49,NA,NA
434,6/7/2016,Ontario-West,46,NA,NA
427,6/7/2016,Ontario-West,132,19.9,9
427,6/7/2016,Ontario-West,81,NA,NA
476,6/7/2016,Ontario-West,42,NA,NA
427,6/7/2016,Ontario-West,105,NA,NA
417,6/6/2016,Ontario-West,104,NA,NA
476,6/7/2016,Ontario-West,59,NA,NA
434,6/7/2016,Ontario-West,75,NA,NA
427,6/7/2016,Ontario-West,113,9.86,6
476,6/7/2016,Ontario-West,50,NA,NA
427,6/7/2016,Ontario-West,82,4.09,3
434,6/7/2016,Ontario-West,64,NA,NA
476,6/7/2016,Ontario-West,60,NA,NA
417,6/6/2016,Ontario-West,72,NA,NA
427,6/7/2016,Ontario-West,82,NA,NA
434,6/7/2016,Ontario-West,48,NA,NA
434,6/7/2016,Ontario-West,62,NA,NA
427,6/7/2016,Ontario-West,70,NA,NA
434,6/7/2016,Ontario-West,81,4.68,3
434,6/7/2016,Ontario-West,110,NA,NA
417,6/6/2016,Ontario-West,111,NA,NA
414,6/5/2016,Ontario-West,78,NA,NA
427,6/7/2016,Ontario-West,95,NA,NA
427,6/7/2016,Ontario-West,80,NA,NA
476,6/7/2016,Ontario-West,50,NA,NA
434,6/7/2016,Ontario-West,66,NA,NA
476,6/7/2016,Ontario-West,84,NA,NA
427,6/7/2016,Ontario-West,45,NA,NA
427,6/7/2016,Ontario-West,70,NA,NA
427,6/7/2016,Ontario-West,81,NA,NA
476,6/7/2016,Ontario-West,87,NA,NA
417,6/6/2016,Ontario-West,75,NA,NA
427,6/7/2016,Ontario-West,81,NA,NA
417,6/6/2016,Ontario-West,63,NA,NA
476,6/7/2016,Ontario-West,106,NA,NA
427,6/7/2016,Ontario-West,66,NA,NA
434,6/7/2016,Ontario-West,61,NA,NA
417,6/6/2016,Ontario-West,66,NA,NA
434,6/7/2016,Ontario-West,80,NA,NA
434,6/7/2016,Ontario-West,116,NA,NA
414,6/5/2016,Ontario-West,110,NA,NA
434,6/7/2016,Ontario-West,111,NA,NA
434,6/7/2016,Ontario-West,65,NA,NA
434,6/7/2016,Ontario-West,65,NA,NA
417,6/6/2016,Ontario-West,76,NA,NA
414,6/5/2016,Ontario-West,126,NA,NA
427,6/7/2016,Ontario-West,66,NA,NA
476,6/7/2016,Ontario-West,95,NA,NA
417,6/6/2016,Ontario-West,81,NA,NA
414,6/5/2016,Ontario-West,50,NA,NA
427,6/7/2016,Ontario-West,69,NA,NA
434,6/7/2016,Ontario-West,69,NA,NA
434,6/7/2016,Ontario-West,79,NA,NA
434,6/7/2016,Ontario-West,53,NA,NA
476,6/7/2016,Ontario-West,85,NA,NA
427,6/7/2016,Ontario-West,38,NA,NA
427,6/7/2016,Ontario-West,63,NA,NA
417,6/6/2016,Ontario-West,83,NA,NA
414,6/5/2016,Ontario-West,70,NA,NA
427,6/7/2016,Ontario-West,42,NA,NA
427,6/7/2016,Ontario-West,50,NA,NA
414,6/5/2016,Ontario-West,74,NA,NA
434,6/7/2016,Ontario-West,80,NA,NA
476,6/7/2016,Ontario-West,101,NA,NA
427,6/7/2016,Ontario-West,44,NA,NA
434,6/7/2016,Ontario-West,73,NA,NA
427,6/7/2016,Ontario-West,85,NA,NA
476,6/7/2016,Ontario-West,46,NA,NA
414,6/5/2016,Ontario-West,80,NA,NA
434,6/7/2016,Ontario-West,82,NA,NA
434,6/7/2016,Ontario-West,42,0.63,1
434,6/7/2016,Ontario-West,68,NA,NA
434,6/7/2016,Ontario-West,111,NA,NA
414,6/5/2016,Ontario-West,74,NA,NA
476,6/7/2016,Ontario-West,58,NA,NA
427,6/7/2016,Ontario-West,42,NA,NA
427,6/7/2016,Ontario-West,41,NA,NA
434,6/7/2016,Ontario-West,65,NA,NA
434,6/7/2016,Ontario-West,108,NA,NA
427,6/7/2016,Ontario-West,111,NA,NA
434,6/7/2016,Ontario-West,100,NA,NA
434,6/7/2016,Ontario-West,62,NA,NA
434,6/7/2016,Ontario-West,70,NA,NA
417,6/6/2016,Ontario-West,108,NA,NA
434,6/7/2016,Ontario-West,87,NA,NA
434,6/7/2016,Ontario-West,79,NA,NA
414,6/5/2016,Ontario-West,65,2.12,2
417,6/6/2016,Ontario-West,67,NA,NA
427,6/7/2016,Ontario-West,86,NA,NA
427,6/7/2016,Ontario-West,91,NA,NA
427,6/7/2016,Ontario-West,73,NA,NA
434,6/7/2016,Ontario-West,67,NA,NA
434,6/7/2016,Ontario-West,105,NA,NA
427,6/7/2016,Ontario-West,81,NA,NA
434,6/7/2016,Ontario-West,97,NA,NA
434,6/7/2016,Ontario-West,50,1.14,1
476,6/7/2016,Ontario-West,91,5.64,3
427,6/7/2016,Ontario-West,95,NA,NA
414,6/5/2016,Ontario-West,72,NA,NA
417,6/6/2016,Ontario-West,49,NA,NA
427,6/7/2016,Ontario-West,85,NA,NA
434,6/7/2016,Ontario-West,112,NA,NA
476,6/7/2016,Ontario-West,62,NA,NA
476,6/7/2016,Ontario-West,50,NA,NA
434,6/7/2016,Ontario-West,69,NA,NA
476,6/7/2016,Ontario-West,80,NA,NA
427,6/7/2016,Ontario-West,83,NA,NA
427,6/7/2016,Ontario-West,48,NA,NA
414,6/5/2016,Ontario-West,105,NA,NA
476,6/7/2016,Ontario-West,89,NA,NA
427,6/7/2016,Ontario-West,46,NA,NA
427,6/7/2016,Ontario-West,91,NA,NA
417,6/6/2016,Ontario-West,115,NA,NA
417,6/6/2016,Ontario-West,45,NA,NA
476,6/7/2016,Ontario-West,75,NA,NA
476,6/7/2016,Ontario-West,71,NA,NA
414,6/5/2016,Ontario-West,93,NA,NA
414,6/5/2016,Ontario-West,48,NA,NA
434,6/7/2016,Ontario-West,130,16.16,8
476,6/7/2016,Ontario-West,121,NA,NA
417,6/6/2016,Ontario-West,100,NA,NA
476,6/7/2016,Ontario-West,65,NA,NA
434,6/7/2016,Ontario-West,69,NA,NA
434,6/7/2016,Ontario-West,77,NA,NA
427,6/7/2016,Ontario-West,99,NA,NA
427,6/7/2016,Ontario-West,44,NA,NA
427,6/7/2016,Ontario-West,101,NA,NA
427,6/7/2016,Ontario-West,68,NA,NA
417,6/6/2016,Ontario-West,96,NA,NA
427,6/7/2016,Ontario-West,68,NA,NA
476,6/7/2016,Ontario-West,83,NA,NA
417,6/6/2016,Ontario-West,41,NA,NA
476,6/7/2016,Ontario-West,90,NA,NA
427,6/7/2016,Ontario-West,117,NA,NA
427,6/7/2016,Ontario-West,88,NA,NA
417,6/6/2016,Ontario-West,61,NA,NA
476,6/7/2016,Ontario-West,104,NA,NA
476,6/7/2016,Ontario-West,43,NA,NA
417,6/6/2016,Ontario-West,97,NA,NA
434,6/7/2016,Ontario-West,49,NA,NA
414,6/5/2016,Ontario-West,40,NA,NA
427,6/7/2016,Ontario-West,68,NA,NA
476,6/7/2016,Ontario-West,80,NA,NA
476,6/7/2016,Ontario-West,43,NA,NA
434,6/7/2016,Ontario-West,58,NA,NA
414,6/5/2016,Ontario-West,41,NA,NA
427,6/7/2016,Ontario-West,74,NA,NA
417,6/6/2016,Ontario-West,72,NA,NA
476,6/7/2016,Ontario-West,96,NA,NA
476,6/7/2016,Ontario-West,115,NA,NA
434,6/7/2016,Ontario-West,45,NA,NA
414,6/5/2016,Ontario-West,76,NA,NA
427,6/7/2016,Ontario-West,88,NA,NA
417,6/6/2016,Ontario-West,78,NA,NA
434,6/7/2016,Ontario-West,69,NA,NA
434,6/7/2016,Ontario-West,48,NA,NA
434,6/7/2016,Ontario-West,89,NA,NA
476,6/7/2016,Ontario-West,73,NA,NA
414,6/5/2016,Ontario-West,71,NA,NA
414,6/5/2016,Ontario-West,43,NA,NA
427,6/7/2016,Ontario-West,56,NA,NA
476,6/7/2016,Ontario-West,71,NA,NA
414,6/5/2016,Ontario-West,59,NA,NA
434,6/7/2016,Ontario-West,73,NA,NA
414,6/5/2016,Ontario-West,92,NA,NA
476,6/7/2016,Ontario-West,47,0.91,1
434,6/7/2016,Ontario-West,70,NA,NA
496,6/11/2016,Ontario-East,79,NA,NA
496,6/11/2016,Ontario-East,81,NA,NA
457,6/11/2016,Ontario-East,113,NA,NA
457,6/11/2016,Ontario-East,65,NA,NA
464,6/11/2016,Ontario-East,64,NA,NA
464,6/11/2016,Ontario-East,66,NA,NA
464,6/11/2016,Ontario-East,101,NA,NA
464,6/11/2016,Ontario-East,74,NA,NA
496,6/11/2016,Ontario-East,105,NA,NA
464,6/11/2016,Ontario-East,113,NA,NA
464,6/11/2016,Ontario-East,63,NA,NA
464,6/11/2016,Ontario-East,46,NA,NA
457,6/11/2016,Ontario-East,66,NA,NA
464,6/11/2016,Ontario-East,47,NA,NA
457,6/11/2016,Ontario-East,109,NA,NA
464,6/11/2016,Ontario-East,95,NA,NA
464,6/11/2016,Ontario-East,66,NA,NA
464,6/11/2016,Ontario-East,46,NA,NA
496,6/11/2016,Ontario-East,91,NA,NA
496,6/11/2016,Ontario-East,83,NA,NA
457,6/11/2016,Ontario-East,84,NA,NA
464,6/11/2016,Ontario-East,40,NA,NA
464,6/11/2016,Ontario-East,94,7.49,4
464,6/11/2016,Ontario-East,65,NA,NA
457,6/11/2016,Ontario-East,105,NA,NA
464,6/11/2016,Ontario-East,64,NA,NA
457,6/11/2016,Ontario-East,88,NA,NA
464,6/11/2016,Ontario-East,95,NA,NA
464,6/11/2016,Ontario-East,79,NA,NA
464,6/11/2016,Ontario-East,83,NA,NA
464,6/11/2016,Ontario-East,104,10.49,5
457,6/11/2016,Ontario-East,48,NA,NA
457,6/11/2016,Ontario-East,84,NA,NA
496,6/11/2016,Ontario-East,67,NA,NA
464,6/11/2016,Ontario-East,76,NA,NA
464,6/11/2016,Ontario-East,39,NA,NA
464,6/11/2016,Ontario-East,62,NA,NA
464,6/11/2016,Ontario-East,57,NA,NA
464,6/11/2016,Ontario-East,48,NA,NA
464,6/11/2016,Ontario-East,60,NA,NA
496,6/11/2016,Ontario-East,85,NA,NA
464,6/11/2016,Ontario-East,68,NA,NA
464,6/11/2016,Ontario-East,123,NA,NA
464,6/11/2016,Ontario-East,54,1.49,1
464,6/11/2016,Ontario-East,122,NA,NA
457,6/11/2016,Ontario-East,43,NA,NA
457,6/11/2016,Ontario-East,42,NA,NA
464,6/11/2016,Ontario-East,70,NA,NA
464,6/11/2016,Ontario-East,60,NA,NA
464,6/11/2016,Ontario-East,67,NA,NA
464,6/11/2016,Ontario-East,125,NA,NA
464,6/11/2016,Ontario-East,105,NA,NA
496,6/11/2016,Ontario-East,97,NA,NA
457,6/11/2016,Ontario-East,95,NA,NA
457,6/11/2016,Ontario-East,99,NA,NA
457,6/11/2016,Ontario-East,64,NA,NA
457,6/11/2016,Ontario-East,72,NA,NA
457,6/11/2016,Ontario-East,74,NA,NA
457,6/11/2016,Ontario-East,55,NA,NA
457,6/11/2016,Ontario-East,61,NA,NA
464,6/11/2016,Ontario-East,87,NA,NA
496,6/11/2016,Ontario-East,42,NA,NA
464,6/11/2016,Ontario-East,41,NA,NA
464,6/11/2016,Ontario-East,43,NA,NA
457,6/11/2016,Ontario-East,62,NA,NA
464,6/11/2016,Ontario-East,77,NA,NA
464,6/11/2016,Ontario-East,53,NA,NA
457,6/11/2016,Ontario-East,92,NA,NA
464,6/11/2016,Ontario-East,135,NA,NA
457,6/11/2016,Ontario-East,102,NA,NA
457,6/11/2016,Ontario-East,95,NA,NA
457,6/11/2016,Ontario-East,102,NA,NA
464,6/11/2016,Ontario-East,74,NA,NA
457,6/11/2016,Ontario-East,59,NA,NA
464,6/11/2016,Ontario-East,106,NA,NA
457,6/11/2016,Ontario-East,90,NA,NA
464,6/11/2016,Ontario-East,70,3.2,2
464,6/11/2016,Ontario-East,93,NA,NA
457,6/11/2016,Ontario-East,44,NA,NA
464,6/11/2016,Ontario-East,46,NA,NA
464,6/11/2016,Ontario-East,69,NA,NA
464,6/11/2016,Ontario-East,69,NA,NA
457,6/11/2016,Ontario-East,48,NA,NA
457,6/11/2016,Ontario-East,64,NA,NA
464,6/11/2016,Ontario-East,65,NA,NA
457,6/11/2016,Ontario-East,49,NA,NA
464,6/11/2016,Ontario-East,40,NA,NA
496,6/11/2016,Ontario-East,63,NA,NA
457,6/11/2016,Ontario-East,111,NA,NA
464,6/11/2016,Ontario-East,115,NA,NA
464,6/11/2016,Ontario-East,82,NA,NA
464,6/11/2016,Ontario-East,50,NA,NA
464,6/11/2016,Ontario-East,91,NA,NA
457,6/11/2016,Ontario-East,68,NA,NA
457,6/11/2016,Ontario-East,80,NA,NA
457,6/11/2016,Ontario-East,97,NA,NA
464,6/11/2016,Ontario-East,104,8.85,5
457,6/11/2016,Ontario-East,88,NA,NA
457,6/11/2016,Ontario-East,122,NA,NA
464,6/11/2016,Ontario-East,54,NA,NA
464,6/11/2016,Ontario-East,85,NA,NA
457,6/11/2016,Ontario-East,61,NA,NA
464,6/11/2016,Ontario-East,40,NA,NA
496,6/11/2016,Ontario-East,110,NA,NA
457,6/11/2016,Ontario-East,80,NA,NA
496,6/11/2016,Ontario-East,66,NA,NA
464,6/11/2016,Ontario-East,69,NA,NA
457,6/11/2016,Ontario-East,75,NA,NA
496,6/11/2016,Ontario-East,54,NA,NA
457,6/11/2016,Ontario-East,66,NA,NA
464,6/11/2016,Ontario-East,58,NA,NA
457,6/11/2016,Ontario-East,40,NA,NA
457,6/11/2016,Ontario-East,101,NA,NA
464,6/11/2016,Ontario-East,50,NA,NA
464,6/11/2016,Ontario-East,83,NA,NA
457,6/11/2016,Ontario-East,53,NA,NA
457,6/11/2016,Ontario-East,125,NA,NA
464,6/11/2016,Ontario-East,63,NA,NA
464,6/11/2016,Ontario-East,71,NA,NA
457,6/11/2016,Ontario-East,85,NA,NA
457,6/11/2016,Ontario-East,59,NA,NA
464,6/11/2016,Ontario-East,73,NA,NA
464,6/11/2016,Ontario-East,64,NA,NA
457,6/11/2016,Ontario-East,88,NA,NA
457,6/11/2016,Ontario-East,89,NA,NA
457,6/11/2016,Ontario-East,72,NA,NA
457,6/11/2016,Ontario-East,67,NA,NA
464,6/11/2016,Ontario-East,51,NA,NA
457,6/11/2016,Ontario-East,64,NA,NA
457,6/11/2016,Ontario-East,46,NA,NA
464,6/11/2016,Ontario-East,48,NA,NA
457,6/11/2016,Ontario-East,43,NA,NA
464,6/11/2016,Ontario-East,77,NA,NA
457,6/11/2016,Ontario-East,50,NA,NA
457,6/11/2016,Ontario-East,74,NA,NA
457,6/11/2016,Ontario-East,77,NA,NA
496,6/11/2016,Ontario-East,105,NA,NA
457,6/11/2016,Ontario-East,80,NA,NA
457,6/11/2016,Ontario-East,45,NA,NA
464,6/11/2016,Ontario-East,79,NA,NA
457,6/11/2016,Ontario-East,65,NA,NA
464,6/11/2016,Ontario-East,89,NA,NA
464,6/11/2016,Ontario-East,65,NA,NA
464,6/11/2016,Ontario-East,63,NA,NA
457,6/11/2016,Ontario-East,124,NA,NA
464,6/11/2016,Ontario-East,86,NA,NA
464,6/11/2016,Ontario-East,50,NA,NA
457,6/11/2016,Ontario-East,48,NA,NA
496,6/11/2016,Ontario-East,85,NA,NA
464,6/11/2016,Ontario-East,94,NA,NA
496,6/11/2016,Ontario-East,46,NA,NA
464,6/11/2016,Ontario-East,79,NA,NA
457,6/11/2016,Ontario-East,65,NA,NA
457,6/11/2016,Ontario-East,109,NA,NA
457,6/11/2016,Ontario-East,58,NA,NA
464,6/11/2016,Ontario-East,69,NA,NA
464,6/11/2016,Ontario-East,79,NA,NA
457,6/11/2016,Ontario-East,88,NA,NA
457,6/11/2016,Ontario-East,84,NA,NA
457,6/11/2016,Ontario-East,132,17.92,9
496,6/11/2016,Ontario-East,72,NA,NA
457,6/11/2016,Ontario-East,72,NA,NA
464,6/11/2016,Ontario-East,46,NA,NA
457,6/11/2016,Ontario-East,60,1.68,2
464,6/11/2016,Ontario-East,112,NA,NA
496,6/11/2016,Ontario-East,67,NA,NA
464,6/11/2016,Ontario-East,125,NA,NA
496,6/11/2016,Ontario-East,94,NA,NA
457,6/11/2016,Ontario-East,65,NA,NA
457,6/11/2016,Ontario-East,103,NA,NA
457,6/11/2016,Ontario-East,109,NA,NA
457,6/11/2016,Ontario-East,43,NA,NA
464,6/11/2016,Ontario-East,44,NA,NA
464,6/11/2016,Ontario-East,77,NA,NA
457,6/11/2016,Ontario-East,67,NA,NA
457,6/11/2016,Ontario-East,99,NA,NA
464,6/11/2016,Ontario-East,67,NA,NA
457,6/11/2016,Ontario-East,59,NA,NA
457,6/11/2016,Ontario-East,125,NA,NA
464,6/11/2016,Ontario-East,72,NA,NA
464,6/11/2016,Ontario-East,110,NA,NA
464,6/11/2016,Ontario-East,68,NA,NA
464,6/11/2016,Ontario-East,52,NA,NA
464,6/11/2016,Ontario-East,81,NA,NA
464,6/11/2016,Ontario-East,110,NA,NA
457,6/11/2016,Ontario-East,91,6.28,4
457,6/11/2016,Ontario-East,94,NA,NA
464,6/11/2016,Ontario-East,90,NA,NA
457,6/11/2016,Ontario-East,115,NA,NA
464,6/11/2016,Ontario-East,80,NA,NA
464,6/11/2016,Ontario-East,47,NA,NA
457,6/11/2016,Ontario-East,94,NA,NA
457,6/11/2016,Ontario-East,65,NA,NA
464,6/11/2016,Ontario-East,73,NA,NA
457,6/11/2016,Ontario-East,70,NA,NA
496,6/11/2016,Ontario-East,62,NA,NA
464,6/11/2016,Ontario-East,116,NA,NA
464,6/11/2016,Ontario-East,68,NA,NA
464,6/11/2016,Ontario-East,43,NA,NA
464,6/11/2016,Ontario-East,94,NA,NA
464,6/11/2016,Ontario-East,85,NA,NA
464,6/11/2016,Ontario-East,48,NA,NA
457,6/11/2016,Ontario-East,67,NA,NA
464,6/11/2016,Ontario-East,68,NA,NA
464,6/11/2016,Ontario-East,95,NA,NA
464,6/11/2016,Ontario-East,42,NA,NA
457,6/11/2016,Ontario-East,38,0.46,1
464,6/11/2016,Ontario-East,94,NA,NA
457,6/11/2016,Ontario-East,83,NA,NA
464,6/11/2016,Ontario-East,72,NA,NA
464,6/11/2016,Ontario-East,85,NA,NA
464,6/11/2016,Ontario-East,93,NA,NA
464,6/11/2016,Ontario-East,46,NA,NA
464,6/11/2016,Ontario-East,95,NA,NA
464,6/11/2016,Ontario-East,69,NA,NA
496,6/11/2016,Ontario-East,70,NA,NA
457,6/11/2016,Ontario-East,67,NA,NA
496,6/11/2016,Ontario-East,96,NA,NA
457,6/11/2016,Ontario-East,83,NA,NA
464,6/11/2016,Ontario-East,90,NA,NA
457,6/11/2016,Ontario-East,64,NA,NA
464,6/11/2016,Ontario-East,101,NA,NA
457,6/11/2016,Ontario-East,83,NA,NA
457,6/11/2016,Ontario-East,70,NA,NA
457,6/11/2016,Ontario-East,41,NA,NA
464,6/11/2016,Ontario-East,63,NA,NA
464,6/11/2016,Ontario-East,67,NA,NA
496,6/11/2016,Ontario-East,87,NA,NA
457,6/11/2016,Ontario-East,49,NA,NA
457,6/11/2016,Ontario-East,90,NA,NA
464,6/11/2016,Ontario-East,65,NA,NA
457,6/11/2016,Ontario-East,52,NA,NA
457,6/11/2016,Ontario-East,44,NA,NA
464,6/11/2016,Ontario-East,65,NA,NA
457,6/11/2016,Ontario-East,114,NA,NA
457,6/11/2016,Ontario-East,38,NA,NA
457,6/11/2016,Ontario-East,85,NA,NA
464,6/11/2016,Ontario-East,115,NA,NA
464,6/11/2016,Ontario-East,90,NA,NA
457,6/11/2016,Ontario-East,64,NA,NA
464,6/11/2016,Ontario-East,101,NA,NA
496,6/11/2016,Ontario-East,63,NA,NA
496,6/11/2016,Ontario-East,72,NA,NA
464,6/11/2016,Ontario-East,65,NA,NA
464,6/11/2016,Ontario-East,50,NA,NA
464,6/11/2016,Ontario-East,43,NA,NA
464,6/11/2016,Ontario-East,67,NA,NA
457,6/11/2016,Ontario-East,107,NA,NA
457,6/11/2016,Ontario-East,67,NA,NA
464,6/11/2016,Ontario-East,111,NA,NA
496,6/11/2016,Ontario-East,86,NA,NA
464,6/11/2016,Ontario-East,90,NA,NA
457,6/11/2016,Ontario-East,110,NA,NA
464,6/11/2016,Ontario-East,81,NA,NA
464,6/11/2016,Ontario-East,115,NA,NA
464,6/11/2016,Ontario-East,51,NA,NA
457,6/11/2016,Ontario-East,80,NA,NA
496,6/11/2016,Ontario-East,121,NA,NA
457,6/11/2016,Ontario-East,48,NA,NA
464,6/11/2016,Ontario-East,84,NA,NA
464,6/11/2016,Ontario-East,87,NA,NA
457,6/11/2016,Ontario-East,78,NA,NA
496,6/11/2016,Ontario-East,40,NA,NA
464,6/11/2016,Ontario-East,87,NA,NA
464,6/11/2016,Ontario-East,94,NA,NA
464,6/11/2016,Ontario-East,111,NA,NA
464,6/11/2016,Ontario-East,92,NA,NA
457,6/11/2016,Ontario-East,63,NA,NA
457,6/11/2016,Ontario-East,71,NA,NA
464,6/11/2016,Ontario-East,44,NA,NA
464,6/11/2016,Ontario-East,62,NA,NA
457,6/11/2016,Ontario-East,77,NA,NA
457,6/11/2016,Ontario-East,66,NA,NA
464,6/11/2016,Ontario-East,95,NA,NA
457,6/11/2016,Ontario-East,81,NA,NA
464,6/11/2016,Ontario-East,91,NA,NA
496,6/11/2016,Ontario-East,94,NA,NA
457,6/11/2016,Ontario-East,75,3.6,2
464,6/11/2016,Ontario-East,68,NA,NA
457,6/11/2016,Ontario-East,109,NA,NA
496,6/11/2016,Ontario-East,67,NA,NA
457,6/11/2016,Ontario-East,68,NA,NA
464,6/11/2016,Ontario-East,44,NA,NA
464,6/11/2016,Ontario-East,70,NA,NA
464,6/11/2016,Ontario-East,81,NA,NA
457,6/11/2016,Ontario-East,102,NA,NA
464,6/11/2016,Ontario-East,66,NA,NA
464,6/11/2016,Ontario-East,96,NA,NA
464,6/11/2016,Ontario-East,82,NA,NA
457,6/11/2016,Ontario-East,51,NA,NA
464,6/11/2016,Ontario-East,62,NA,NA
464,6/11/2016,Ontario-East,106,NA,NA
464,6/11/2016,Ontario-East,130,NA,NA
464,6/11/2016,Ontario-East,69,NA,NA
464,6/11/2016,Ontario-East,67,NA,NA
457,6/11/2016,Ontario-East,107,9.9,5
457,6/11/2016,Ontario-East,86,NA,NA
496,6/11/2016,Ontario-East,66,NA,NA
464,6/11/2016,Ontario-East,105,NA,NA
464,6/11/2016,Ontario-East,70,3.02,2
496,6/11/2016,Ontario-East,64,2.48,2
464,6/11/2016,Ontario-East,83,NA,NA
457,6/11/2016,Ontario-East,51,NA,NA
496,6/11/2016,Ontario-East,106,NA,NA
464,6/11/2016,Ontario-East,45,NA,NA
457,6/11/2016,Ontario-East,66,NA,NA
457,6/11/2016,Ontario-East,94,NA,NA
464,6/11/2016,Ontario-East,40,NA,NA
496,6/11/2016,Ontario-East,85,NA,NA
457,6/11/2016,Ontario-East,82,NA,NA
457,6/11/2016,Ontario-East,60,NA,NA
464,6/11/2016,Ontario-East,101,NA,NA
464,6/11/2016,Ontario-East,88,NA,NA
457,6/11/2016,Ontario-East,107,NA,NA
457,6/11/2016,Ontario-East,103,NA,NA
457,6/11/2016,Ontario-East,76,NA,NA
457,6/11/2016,Ontario-East,46,NA,NA
457,6/11/2016,Ontario-East,94,NA,NA
457,6/11/2016,Ontario-East,64,NA,NA
496,6/11/2016,Ontario-East,92,NA,NA
464,6/11/2016,Ontario-East,77,NA,NA
496,6/11/2016,Ontario-East,104,NA,NA
464,6/11/2016,Ontario-East,114,12.35,7
457,6/11/2016,Ontario-East,86,NA,NA
457,6/11/2016,Ontario-East,42,NA,NA
457,6/11/2016,Ontario-East,79,NA,NA
457,6/11/2016,Ontario-East,68,NA,NA
457,6/11/2016,Ontario-East,121,NA,NA
496,6/11/2016,Ontario-East,80,NA,NA
464,6/11/2016,Ontario-East,87,NA,NA
464,6/11/2016,Ontario-East,113,NA,NA
464,6/11/2016,Ontario-East,45,NA,NA
464,6/11/2016,Ontario-East,50,NA,NA
457,6/11/2016,Ontario-East,99,NA,NA
464,6/11/2016,Ontario-East,61,NA,NA
464,6/11/2016,Ontario-East,60,NA,NA
457,6/11/2016,Ontario-East,81,NA,NA
464,6/11/2016,Ontario-East,80,NA,NA
457,6/11/2016,Ontario-East,89,NA,NA
464,6/11/2016,Ontario-East,52,NA,NA
496,6/11/2016,Ontario-East,54,NA,NA
457,6/11/2016,Ontario-East,83,NA,NA
457,6/11/2016,Ontario-East,83,NA,NA
464,6/11/2016,Ontario-East,70,NA,NA
457,6/11/2016,Ontario-East,46,NA,NA
457,6/11/2016,Ontario-East,111,NA,NA
457,6/11/2016,Ontario-East,66,NA,NA
464,6/11/2016,Ontario-East,107,NA,NA
464,6/11/2016,Ontario-East,78,NA,NA
496,6/11/2016,Ontario-East,41,NA,NA
457,6/11/2016,Ontario-East,72,NA,NA
464,6/11/2016,Ontario-East,85,NA,NA
464,6/11/2016,Ontario-East,66,NA,NA
457,6/11/2016,Ontario-East,86,NA,NA
457,6/11/2016,Ontario-East,63,NA,NA
464,6/11/2016,Ontario-East,89,NA,NA
464,6/11/2016,Ontario-East,63,NA,NA
457,6/11/2016,Ontario-East,67,NA,NA
464,6/11/2016,Ontario-East,64,NA,NA
457,6/11/2016,Ontario-East,62,NA,NA
464,6/11/2016,Ontario-East,108,NA,NA
464,6/11/2016,Ontario-East,44,NA,NA
464,6/11/2016,Ontario-East,65,NA,NA
464,6/11/2016,Ontario-East,100,NA,NA
457,6/11/2016,Ontario-East,100,9.07,5
457,6/11/2016,Ontario-East,96,NA,NA
457,6/11/2016,Ontario-East,61,NA,NA
457,6/11/2016,Ontario-East,92,NA,NA
457,6/11/2016,Ontario-East,75,NA,NA
457,6/11/2016,Ontario-East,106,NA,NA
457,6/11/2016,Ontario-East,68,NA,NA
464,6/11/2016,Ontario-East,93,NA,NA
464,6/11/2016,Ontario-East,40,NA,NA
496,6/11/2016,Ontario-East,50,NA,NA
464,6/11/2016,Ontario-East,100,NA,NA
464,6/11/2016,Ontario-East,65,NA,NA
464,6/11/2016,Ontario-East,105,NA,NA
464,6/11/2016,Ontario-East,128,NA,NA
496,6/11/2016,Ontario-East,66,NA,NA
457,6/11/2016,Ontario-East,92,NA,NA
464,6/11/2016,Ontario-East,99,NA,NA
496,6/11/2016,Ontario-East,127,NA,NA
457,6/11/2016,Ontario-East,84,NA,NA
457,6/11/2016,Ontario-East,49,NA,NA
457,6/11/2016,Ontario-East,54,NA,NA
496,6/11/2016,Ontario-East,113,NA,NA
464,6/11/2016,Ontario-East,86,NA,NA
457,6/11/2016,Ontario-East,108,NA,NA
457,6/11/2016,Ontario-East,84,NA,NA
496,6/11/2016,Ontario-East,96,NA,NA
457,6/11/2016,Ontario-East,84,NA,NA
464,6/11/2016,Ontario-East,93,NA,NA
457,6/11/2016,Ontario-East,64,NA,NA
496,6/11/2016,Ontario-East,83,NA,NA
496,6/11/2016,Ontario-East,66,NA,NA
457,6/11/2016,Ontario-East,51,NA,NA
457,6/11/2016,Ontario-East,64,NA,NA
496,6/11/2016,Ontario-East,100,NA,NA
464,6/11/2016,Ontario-East,55,NA,NA
457,6/11/2016,Ontario-East,91,NA,NA
464,6/11/2016,Ontario-East,75,NA,NA
457,6/11/2016,Ontario-East,59,NA,NA
464,6/11/2016,Ontario-East,37,NA,NA
464,6/11/2016,Ontario-East,96,NA,NA
464,6/11/2016,Ontario-East,106,NA,NA
457,6/11/2016,Ontario-East,113,12.23,6
464,6/11/2016,Ontario-East,88,NA,NA
457,6/11/2016,Ontario-East,63,NA,NA
496,6/11/2016,Ontario-East,81,NA,NA
464,6/11/2016,Ontario-East,62,NA,NA
464,6/11/2016,Ontario-East,116,NA,NA
464,6/11/2016,Ontario-East,63,NA,NA
464,6/11/2016,Ontario-East,78,NA,NA
457,6/11/2016,Ontario-East,75,NA,NA
464,6/11/2016,Ontario-East,72,NA,NA
457,6/11/2016,Ontario-East,70,NA,NA
464,6/11/2016,Ontario-East,73,NA,NA
457,6/11/2016,Ontario-East,85,NA,NA
457,6/11/2016,Ontario-East,102,NA,NA
457,6/11/2016,Ontario-East,101,NA,NA
457,6/11/2016,Ontario-East,65,NA,NA
457,6/11/2016,Ontario-East,79,NA,NA
464,6/11/2016,Ontario-East,102,NA,NA
457,6/11/2016,Ontario-East,83,NA,NA
496,6/11/2016,Ontario-East,94,NA,NA
464,6/11/2016,Ontario-East,69,NA,NA
464,6/11/2016,Ontario-East,43,NA,NA
457,6/11/2016,Ontario-East,70,NA,NA
457,6/11/2016,Ontario-East,40,NA,NA
464,6/11/2016,Ontario-East,44,NA,NA
457,6/11/2016,Ontario-East,91,NA,NA
464,6/11/2016,Ontario-East,90,NA,NA
464,6/11/2016,Ontario-East,68,NA,NA
457,6/11/2016,Ontario-East,32,NA,NA
464,6/11/2016,Ontario-East,51,NA,NA
464,6/11/2016,Ontario-East,66,NA,NA
496,6/11/2016,Ontario-East,128,NA,NA
496,6/11/2016,Ontario-East,65,NA,NA
496,6/11/2016,Ontario-East,45,NA,NA
457,6/11/2016,Ontario-East,63,NA,NA
464,6/11/2016,Ontario-East,84,NA,NA
457,6/11/2016,Ontario-East,122,NA,NA
457,6/11/2016,Ontario-East,107,NA,NA
496,6/11/2016,Ontario-East,71,NA,NA
464,6/11/2016,Ontario-East,63,NA,NA
496,6/11/2016,Ontario-East,71,NA,NA
457,6/11/2016,Ontario-East,96,NA,NA
464,6/11/2016,Ontario-East,83,NA,NA
464,6/11/2016,Ontario-East,116,NA,NA
464,6/11/2016,Ontario-East,121,14.14,7
457,6/11/2016,Ontario-East,84,NA,NA
464,6/11/2016,Ontario-East,81,NA,NA
464,6/11/2016,Ontario-East,45,NA,NA
457,6/11/2016,Ontario-East,102,NA,NA
496,6/11/2016,Ontario-East,102,NA,NA
496,6/11/2016,Ontario-East,72,3.39,2
496,6/11/2016,Ontario-East,80,NA,NA
457,6/11/2016,Ontario-East,69,NA,NA
464,6/11/2016,Ontario-East,44,NA,NA
457,6/11/2016,Ontario-East,48,NA,NA
457,6/11/2016,Ontario-East,91,NA,NA
457,6/11/2016,Ontario-East,95,NA,NA
457,6/11/2016,Ontario-East,108,NA,NA
464,6/11/2016,Ontario-East,44,NA,NA
464,6/11/2016,Ontario-East,74,NA,NA
457,6/11/2016,Ontario-East,46,NA,NA
464,6/11/2016,Ontario-East,105,NA,NA
457,6/11/2016,Ontario-East,65,NA,NA
464,6/11/2016,Ontario-East,85,NA,NA
457,6/11/2016,Ontario-East,66,NA,NA
464,6/11/2016,Ontario-East,85,4.55,3
464,6/11/2016,Ontario-East,77,NA,NA
464,6/11/2016,Ontario-East,59,NA,NA
464,6/11/2016,Ontario-East,72,NA,NA
464,6/11/2016,Ontario-East,80,NA,NA
457,6/11/2016,Ontario-East,88,NA,NA
457,6/11/2016,Ontario-East,96,NA,NA
464,6/11/2016,Ontario-East,73,NA,NA
457,6/11/2016,Ontario-East,79,NA,NA
496,6/11/2016,Ontario-East,77,NA,NA
457,6/11/2016,Ontario-East,104,NA,NA
457,6/11/2016,Ontario-East,66,3.02,2
464,6/11/2016,Ontario-East,97,7.03,4
457,6/11/2016,Ontario-East,91,NA,NA
464,6/11/2016,Ontario-East,87,NA,NA
464,6/11/2016,Ontario-East,105,NA,NA
457,6/11/2016,Ontario-East,97,NA,NA
457,6/11/2016,Ontario-East,64,NA,NA
464,6/11/2016,Ontario-East,83,NA,NA
464,6/11/2016,Ontario-East,61,NA,NA
464,6/11/2016,Ontario-East,70,NA,NA
457,6/11/2016,Ontario-East,82,NA,NA
457,6/11/2016,Ontario-East,64,NA,NA
457,6/11/2016,Ontario-East,46,NA,NA
457,6/11/2016,Ontario-East,62,NA,NA
464,6/11/2016,Ontario-East,48,NA,NA
464,6/11/2016,Ontario-East,52,NA,NA
464,6/11/2016,Ontario-East,78,NA,NA
457,6/11/2016,Ontario-East,91,NA,NA
457,6/11/2016,Ontario-East,84,NA,NA
496,6/11/2016,Ontario-East,105,NA,NA
457,6/11/2016,Ontario-East,46,NA,NA
464,6/11/2016,Ontario-East,59,NA,NA
464,6/11/2016,Ontario-East,71,NA,NA
457,6/11/2016,Ontario-East,96,NA,NA
457,6/11/2016,Ontario-East,88,NA,NA
464,6/11/2016,Ontario-East,65,NA,NA
457,6/11/2016,Ontario-East,98,NA,NA
464,6/11/2016,Ontario-East,40,NA,NA
45,5/26/2016,Wisconsin,67,NA,NA
44,5/26/2016,Wisconsin,41,NA,NA
44,5/26/2016,Wisconsin,70,NA,NA
98,5/28/2016,Wisconsin,68,NA,NA
84,5/28/2016,Wisconsin,68,NA,NA
45,5/26/2016,Wisconsin,38,NA,NA
98,5/28/2016,Wisconsin,65,NA,NA
44,5/26/2016,Wisconsin,68,NA,NA
79,5/28/2016,Wisconsin,113,NA,NA
79,5/28/2016,Wisconsin,40,NA,NA
79,5/28/2016,Wisconsin,99,NA,NA
45,5/26/2016,Wisconsin,59,NA,NA
79,5/28/2016,Wisconsin,36,NA,NA
44,5/26/2016,Wisconsin,70,NA,NA
79,5/28/2016,Wisconsin,49,NA,NA
44,5/26/2016,Wisconsin,36,NA,NA
79,5/28/2016,Wisconsin,75,NA,NA
44,5/26/2016,Wisconsin,73,NA,NA
98,5/28/2016,Wisconsin,44,NA,NA
98,5/28/2016,Wisconsin,89,NA,NA
44,5/26/2016,Wisconsin,31,NA,NA
98,5/28/2016,Wisconsin,105,NA,NA
44,5/26/2016,Wisconsin,71,NA,NA
44,5/26/2016,Wisconsin,43,NA,NA
79,5/28/2016,Wisconsin,43,NA,NA
79,5/28/2016,Wisconsin,38,NA,NA
44,5/26/2016,Wisconsin,69,4.18,2
44,5/26/2016,Wisconsin,66,NA,NA
84,5/28/2016,Wisconsin,129,37.65,6
98,5/28/2016,Wisconsin,94,NA,NA
44,5/26/2016,Wisconsin,71,NA,NA
44,5/26/2016,Wisconsin,40,NA,NA
45,5/26/2016,Wisconsin,125,32.58,5
44,5/26/2016,Wisconsin,70,4.36,2
44,5/26/2016,Wisconsin,114,NA,NA
84,5/28/2016,Wisconsin,86,NA,NA
79,5/28/2016,Wisconsin,89,NA,NA
98,5/28/2016,Wisconsin,59,2.35,2
79,5/28/2016,Wisconsin,94,8.14,3
44,5/26/2016,Wisconsin,52,NA,NA
98,5/28/2016,Wisconsin,45,NA,NA
44,5/26/2016,Wisconsin,66,NA,NA
98,5/28/2016,Wisconsin,47,1.04,1
44,5/26/2016,Wisconsin,73,NA,NA
98,5/28/2016,Wisconsin,104,NA,NA
44,5/26/2016,Wisconsin,41,NA,NA
98,5/28/2016,Wisconsin,66,NA,NA
44,5/26/2016,Wisconsin,66,NA,NA
98,5/28/2016,Wisconsin,70,NA,NA
45,5/26/2016,Wisconsin,75,NA,NA
44,5/26/2016,Wisconsin,135,33.93,7
79,5/28/2016,Wisconsin,46,NA,NA
79,5/28/2016,Wisconsin,86,NA,NA
44,5/26/2016,Wisconsin,69,NA,NA
79,5/28/2016,Wisconsin,65,NA,NA
45,5/26/2016,Wisconsin,98,NA,NA
44,5/26/2016,Wisconsin,126,NA,NA
98,5/28/2016,Wisconsin,109,NA,NA
44,5/26/2016,Wisconsin,65,NA,NA
98,5/28/2016,Wisconsin,29,0.19,1
45,5/26/2016,Wisconsin,96,NA,NA
45,5/26/2016,Wisconsin,43,NA,NA
79,5/28/2016,Wisconsin,123,NA,NA
84,5/28/2016,Wisconsin,45,NA,NA
44,5/26/2016,Wisconsin,88,NA,NA
44,5/26/2016,Wisconsin,98,NA,NA
98,5/28/2016,Wisconsin,35,NA,NA
79,5/28/2016,Wisconsin,64,NA,NA
79,5/28/2016,Wisconsin,36,NA,NA
44,5/26/2016,Wisconsin,87,NA,NA
98,5/28/2016,Wisconsin,89,NA,NA
44,5/26/2016,Wisconsin,99,NA,NA
79,5/28/2016,Wisconsin,60,NA,NA
98,5/28/2016,Wisconsin,137,34.5,6
45,5/26/2016,Wisconsin,42,NA,NA
45,5/26/2016,Wisconsin,70,NA,NA
79,5/28/2016,Wisconsin,41,NA,NA
98,5/28/2016,Wisconsin,60,NA,NA
44,5/26/2016,Wisconsin,72,NA,NA
98,5/28/2016,Wisconsin,74,NA,NA
79,5/28/2016,Wisconsin,36,0.49,1
79,5/28/2016,Wisconsin,46,NA,NA
44,5/26/2016,Wisconsin,115,17.23,5
79,5/28/2016,Wisconsin,73,NA,NA
44,5/26/2016,Wisconsin,122,NA,NA
44,5/26/2016,Wisconsin,47,NA,NA
98,5/28/2016,Wisconsin,65,NA,NA
44,5/26/2016,Wisconsin,68,NA,NA
84,5/28/2016,Wisconsin,72,NA,NA
84,5/28/2016,Wisconsin,45,NA,NA
44,5/26/2016,Wisconsin,73,NA,NA
79,5/28/2016,Wisconsin,131,27.57,5
98,5/28/2016,Wisconsin,108,NA,NA
79,5/28/2016,Wisconsin,43,NA,NA
79,5/28/2016,Wisconsin,80,NA,NA
98,5/28/2016,Wisconsin,73,NA,NA
44,5/26/2016,Wisconsin,101,NA,NA
44,5/26/2016,Wisconsin,136,NA,NA
44,5/26/2016,Wisconsin,86,NA,NA
79,5/28/2016,Wisconsin,69,3.76,2
44,5/26/2016,Wisconsin,121,NA,NA
44,5/26/2016,Wisconsin,42,NA,NA
44,5/26/2016,Wisconsin,85,NA,NA
79,5/28/2016,Wisconsin,67,NA,NA
84,5/28/2016,Wisconsin,63,NA,NA
79,5/28/2016,Wisconsin,51,1.35,1
44,5/26/2016,Wisconsin,60,NA,NA
44,5/26/2016,Wisconsin,71,NA,NA
79,5/28/2016,Wisconsin,122,24.69,5
79,5/28/2016,Wisconsin,45,NA,NA
98,5/28/2016,Wisconsin,70,NA,NA
98,5/28/2016,Wisconsin,119,NA,NA
84,5/28/2016,Wisconsin,93,NA,NA
79,5/28/2016,Wisconsin,42,NA,NA
79,5/28/2016,Wisconsin,85,NA,NA
84,5/28/2016,Wisconsin,63,NA,NA
98,5/28/2016,Wisconsin,87,8.09,3
98,5/28/2016,Wisconsin,76,NA,NA
44,5/26/2016,Wisconsin,95,NA,NA
79,5/28/2016,Wisconsin,87,NA,NA
84,5/28/2016,Wisconsin,74,NA,NA
79,5/28/2016,Wisconsin,65,NA,NA
44,5/26/2016,Wisconsin,68,NA,NA
44,5/26/2016,Wisconsin,71,NA,NA
98,5/28/2016,Wisconsin,75,NA,NA
44,5/26/2016,Wisconsin,44,NA,NA
44,5/26/2016,Wisconsin,87,NA,NA
79,5/28/2016,Wisconsin,121,NA,NA
79,5/28/2016,Wisconsin,48,NA,NA
79,5/28/2016,Wisconsin,40,NA,NA
98,5/28/2016,Wisconsin,93,11.1,3
79,5/28/2016,Wisconsin,100,NA,NA
98,5/28/2016,Wisconsin,64,NA,NA
84,5/28/2016,Wisconsin,65,NA,NA
44,5/26/2016,Wisconsin,109,NA,NA
44,5/26/2016,Wisconsin,70,4.12,2
44,5/26/2016,Wisconsin,123,NA,NA
44,5/26/2016,Wisconsin,45,NA,NA
44,5/26/2016,Wisconsin,70,NA,NA
79,5/28/2016,Wisconsin,75,NA,NA
79,5/28/2016,Wisconsin,87,NA,NA
45,5/26/2016,Wisconsin,42,NA,NA
79,5/28/2016,Wisconsin,107,17.89,4
79,5/28/2016,Wisconsin,60,NA,NA
98,5/28/2016,Wisconsin,73,NA,NA
98,5/28/2016,Wisconsin,68,NA,NA
79,5/28/2016,Wisconsin,46,NA,NA
79,5/28/2016,Wisconsin,40,NA,NA
79,5/28/2016,Wisconsin,93,NA,NA
45,5/26/2016,Wisconsin,73,NA,NA
44,5/26/2016,Wisconsin,59,2.53,2
44,5/26/2016,Wisconsin,83,NA,NA
44,5/26/2016,Wisconsin,93,NA,NA
84,5/28/2016,Wisconsin,29,0.23,1
44,5/26/2016,Wisconsin,68,NA,NA
79,5/28/2016,Wisconsin,70,NA,NA
45,5/26/2016,Wisconsin,96,NA,NA
98,5/28/2016,Wisconsin,103,NA,NA
84,5/28/2016,Wisconsin,37,NA,NA
44,5/26/2016,Wisconsin,71,NA,NA
79,5/28/2016,Wisconsin,71,3.45,2
44,5/26/2016,Wisconsin,86,NA,NA
98,5/28/2016,Wisconsin,108,NA,NA
44,5/26/2016,Wisconsin,127,NA,NA
79,5/28/2016,Wisconsin,68,NA,NA
98,5/28/2016,Wisconsin,81,NA,NA
98,5/28/2016,Wisconsin,45,NA,NA
84,5/28/2016,Wisconsin,49,NA,NA
44,5/26/2016,Wisconsin,93,NA,NA
44,5/26/2016,Wisconsin,59,2.71,2
44,5/26/2016,Wisconsin,99,NA,NA
84,5/28/2016,Wisconsin,65,NA,NA
98,5/28/2016,Wisconsin,77,NA,NA
45,5/26/2016,Wisconsin,67,NA,NA
79,5/28/2016,Wisconsin,73,NA,NA
79,5/28/2016,Wisconsin,90,NA,NA
98,5/28/2016,Wisconsin,71,4.86,2
44,5/26/2016,Wisconsin,43,NA,NA
44,5/26/2016,Wisconsin,76,NA,NA
44,5/26/2016,Wisconsin,62,NA,NA
84,5/28/2016,Wisconsin,73,NA,NA
79,5/28/2016,Wisconsin,50,NA,NA
79,5/28/2016,Wisconsin,39,NA,NA
98,5/28/2016,Wisconsin,37,0.59,1
45,5/26/2016,Wisconsin,34,0.36,1
44,5/26/2016,Wisconsin,79,NA,NA
79,5/28/2016,Wisconsin,76,NA,NA
44,5/26/2016,Wisconsin,100,NA,NA
134,6/1/2016,Minnesota,40,NA,NA
145,6/1/2016,Minnesota,84,7.75,3
189,6/2/2016,Minnesota,80,NA,NA
189,6/2/2016,Minnesota,37,NA,NA
145,6/1/2016,Minnesota,45,NA,NA
189,6/2/2016,Minnesota,38,NA,NA
189,6/2/2016,Minnesota,107,NA,NA
145,6/1/2016,Minnesota,129,NA,NA
189,6/2/2016,Minnesota,89,NA,NA
145,6/1/2016,Minnesota,68,NA,NA
189,6/2/2016,Minnesota,71,NA,NA
134,6/1/2016,Minnesota,91,8.96,3
145,6/1/2016,Minnesota,68,NA,NA
145,6/1/2016,Minnesota,66,NA,NA
189,6/2/2016,Minnesota,66,NA,NA
189,6/2/2016,Minnesota,134,38.78,6
189,6/2/2016,Minnesota,93,NA,NA
145,6/1/2016,Minnesota,91,NA,NA
189,6/2/2016,Minnesota,48,1.12,1
145,6/1/2016,Minnesota,69,NA,NA
134,6/1/2016,Minnesota,99,NA,NA
134,6/1/2016,Minnesota,41,NA,NA
134,6/1/2016,Minnesota,42,NA,NA
189,6/2/2016,Minnesota,65,NA,NA
145,6/1/2016,Minnesota,69,NA,NA
189,6/2/2016,Minnesota,73,NA,NA
145,6/1/2016,Minnesota,39,NA,NA
134,6/1/2016,Minnesota,77,NA,NA
189,6/2/2016,Minnesota,69,NA,NA
134,6/1/2016,Minnesota,88,NA,NA
145,6/1/2016,Minnesota,100,NA,NA
189,6/2/2016,Minnesota,70,NA,NA
134,6/1/2016,Minnesota,40,NA,NA
145,6/1/2016,Minnesota,102,NA,NA
134,6/1/2016,Minnesota,106,NA,NA
134,6/1/2016,Minnesota,74,NA,NA
145,6/1/2016,Minnesota,122,NA,NA
189,6/2/2016,Minnesota,70,NA,NA
145,6/1/2016,Minnesota,92,NA,NA
145,6/1/2016,Minnesota,43,NA,NA
189,6/2/2016,Minnesota,65,NA,NA
134,6/1/2016,Minnesota,112,NA,NA
145,6/1/2016,Minnesota,65,NA,NA
189,6/2/2016,Minnesota,70,NA,NA
134,6/1/2016,Minnesota,47,NA,NA
210,6/14/2016,Michigan,70,NA,NA
217,6/14/2016,Michigan,48,NA,NA
245,6/15/2016,Michigan,70,NA,NA
217,6/14/2016,Michigan,103,NA,NA
210,6/14/2016,Michigan,86,7.2,3
245,6/15/2016,Michigan,119,NA,NA
234,6/15/2016,Michigan,93,NA,NA
234,6/15/2016,Michigan,46,NA,NA
227,6/15/2016,Michigan,98,NA,NA
227,6/15/2016,Michigan,40,NA,NA
227,6/15/2016,Michigan,91,NA,NA
234,6/15/2016,Michigan,88,NA,NA
210,6/14/2016,Michigan,85,NA,NA
217,6/14/2016,Michigan,71,NA,NA
245,6/15/2016,Michigan,113,NA,NA
210,6/14/2016,Michigan,41,NA,NA
227,6/15/2016,Michigan,67,NA,NA
210,6/14/2016,Michigan,95,NA,NA
227,6/15/2016,Michigan,43,NA,NA
217,6/14/2016,Michigan,99,NA,NA
217,6/14/2016,Michigan,69,4.25,2
217,6/14/2016,Michigan,78,NA,NA
245,6/15/2016,Michigan,36,NA,NA
210,6/14/2016,Michigan,90,7.25,3
210,6/14/2016,Michigan,115,17.07,4
217,6/14/2016,Michigan,78,NA,NA
227,6/15/2016,Michigan,41,NA,NA
217,6/14/2016,Michigan,36,NA,NA
245,6/15/2016,Michigan,66,NA,NA
217,6/14/2016,Michigan,95,NA,NA
210,6/14/2016,Michigan,42,NA,NA
227,6/15/2016,Michigan,70,NA,NA
217,6/14/2016,Michigan,72,NA,NA
217,6/14/2016,Michigan,104,NA,NA
234,6/15/2016,Michigan,68,NA,NA
217,6/14/2016,Michigan,90,NA,NA
217,6/14/2016,Michigan,41,NA,NA
217,6/14/2016,Michigan,72,NA,NA
289,6/16/2016,Michigan,71,NA,NA
210,6/14/2016,Michigan,97,NA,NA
217,6/14/2016,Michigan,67,NA,NA
289,6/16/2016,Michigan,67,NA,NA
210,6/14/2016,Michigan,77,NA,NA
217,6/14/2016,Michigan,76,NA,NA
217,6/14/2016,Michigan,40,NA,NA
210,6/14/2016,Michigan,67,NA,NA
227,6/15/2016,Michigan,39,0.61,1
217,6/14/2016,Michigan,105,NA,NA
217,6/14/2016,Michigan,75,NA,NA
227,6/15/2016,Michigan,88,NA,NA
289,6/16/2016,Michigan,92,13.7,3
210,6/14/2016,Michigan,63,NA,NA
234,6/15/2016,Michigan,125,28.11,5
210,6/14/2016,Michigan,121,22.81,5
217,6/14/2016,Michigan,39,0.64,1
217,6/14/2016,Michigan,90,NA,NA
210,6/14/2016,Michigan,103,NA,NA
227,6/15/2016,Michigan,69,NA,NA
289,6/16/2016,Michigan,86,NA,NA
210,6/14/2016,Michigan,101,NA,NA
245,6/15/2016,Michigan,125,NA,NA
289,6/16/2016,Michigan,86,NA,NA
227,6/15/2016,Michigan,129,NA,NA
217,6/14/2016,Michigan,68,NA,NA
227,6/15/2016,Michigan,99,NA,NA
210,6/14/2016,Michigan,99,NA,NA
217,6/14/2016,Michigan,127,NA,NA
227,6/15/2016,Michigan,48,NA,NA
227,6/15/2016,Michigan,36,NA,NA
217,6/14/2016,Michigan,89,NA,NA
234,6/15/2016,Michigan,76,NA,NA
227,6/15/2016,Michigan,103,12.55,3
217,6/14/2016,Michigan,111,21.85,4
289,6/16/2016,Michigan,91,NA,NA
210,6/14/2016,Michigan,108,15.91,4
234,6/15/2016,Michigan,71,NA,NA
289,6/16/2016,Michigan,95,NA,NA
210,6/14/2016,Michigan,124,NA,NA
227,6/15/2016,Michigan,141,40.59,7
210,6/14/2016,Michigan,97,NA,NA
289,6/16/2016,Michigan,102,13.47,3
210,6/14/2016,Michigan,77,NA,NA
210,6/14/2016,Michigan,41,NA,NA
217,6/14/2016,Michigan,63,NA,NA
217,6/14/2016,Michigan,121,NA,NA
227,6/15/2016,Michigan,116,22.12,4
227,6/15/2016,Michigan,131,34.24,6
227,6/15/2016,Michigan,63,NA,NA
217,6/14/2016,Michigan,107,NA,NA
217,6/14/2016,Michigan,46,NA,NA
217,6/14/2016,Michigan,64,NA,NA
234,6/15/2016,Michigan,86,NA,NA
217,6/14/2016,Michigan,87,8.99,3
210,6/14/2016,Michigan,45,1.32,1
227,6/15/2016,Michigan,103,NA,NA
245,6/15/2016,Michigan,71,4.16,2
217,6/14/2016,Michigan,72,NA,NA
210,6/14/2016,Michigan,95,NA,NA
217,6/14/2016,Michigan,82,NA,NA
289,6/16/2016,Michigan,102,NA,NA
217,6/14/2016,Michigan,37,NA,NA
217,6/14/2016,Michigan,63,2.71,2
234,6/15/2016,Michigan,68,3.38,2
210,6/14/2016,Michigan,45,NA,NA
217,6/14/2016,Michigan,36,NA,NA
227,6/15/2016,Michigan,72,NA,NA
234,6/15/2016,Michigan,91,NA,NA
210,6/14/2016,Michigan,50,1.4,1
245,6/15/2016,Michigan,63,NA,NA
227,6/15/2016,Michigan,28,0.22,1
217,6/14/2016,Michigan,77,NA,NA
210,6/14/2016,Michigan,40,NA,NA
210,6/14/2016,Michigan,71,NA,NA
217,6/14/2016,Michigan,66,NA,NA
217,6/14/2016,Michigan,103,NA,NA
227,6/15/2016,Michigan,76,NA,NA
217,6/14/2016,Michigan,106,NA,NA
217,6/14/2016,Michigan,84,NA,NA
217,6/14/2016,Michigan,109,NA,NA
234,6/15/2016,Michigan,118,22.26,5
245,6/15/2016,Michigan,109,20.75,4
245,6/15/2016,Michigan,63,NA,NA
217,6/14/2016,Michigan,93,NA,NA
210,6/14/2016,Michigan,40,NA,NA
245,6/15/2016,Michigan,65,NA,NA
210,6/14/2016,Michigan,66,NA,NA
245,6/15/2016,Michigan,72,NA,NA
289,6/16/2016,Michigan,111,NA,NA
227,6/15/2016,Michigan,43,NA,NA
217,6/14/2016,Michigan,97,NA,NA
210,6/14/2016,Michigan,65,NA,NA
234,6/15/2016,Michigan,91,NA,NA
217,6/14/2016,Michigan,41,0.81,1
217,6/14/2016,Michigan,63,NA,NA
217,6/14/2016,Michigan,91,NA,NA
210,6/14/2016,Michigan,99,NA,NA
234,6/15/2016,Michigan,92,NA,NA
227,6/15/2016,Michigan,102,NA,NA
234,6/15/2016,Michigan,63,NA,NA
245,6/15/2016,Michigan,35,NA,NA
217,6/14/2016,Michigan,94,NA,NA
217,6/14/2016,Michigan,34,NA,NA
227,6/15/2016,Michigan,80,NA,NA
227,6/15/2016,Michigan,60,NA,NA
245,6/15/2016,Michigan,62,NA,NA
227,6/15/2016,Michigan,66,NA,NA
217,6/14/2016,Michigan,45,0.87,1
210,6/14/2016,Michigan,43,NA,NA
227,6/15/2016,Michigan,96,NA,NA
210,6/14/2016,Michigan,91,NA,NA
227,6/15/2016,Michigan,70,NA,NA
217,6/14/2016,Michigan,85,NA,NA
234,6/15/2016,Michigan,94,NA,NA
289,6/16/2016,Michigan,64,NA,NA
217,6/14/2016,Michigan,44,NA,NA
217,6/14/2016,Michigan,71,NA,NA
217,6/14/2016,Michigan,64,NA,NA
217,6/14/2016,Michigan,44,NA,NA
227,6/15/2016,Michigan,94,NA,NA
210,6/14/2016,Michigan,91,NA,NA
210,6/14/2016,Michigan,70,NA,NA
217,6/14/2016,Michigan,87,7.49,3
217,6/14/2016,Michigan,43,NA,NA
210,6/14/2016,Michigan,92,NA,NA
217,6/14/2016,Michigan,67,NA,NA
234,6/15/2016,Michigan,67,NA,NA
217,6/14/2016,Michigan,107,NA,NA
217,6/14/2016,Michigan,43,NA,NA
217,6/14/2016,Michigan,98,NA,NA
234,6/15/2016,Michigan,111,NA,NA
210,6/14/2016,Michigan,89,NA,NA
217,6/14/2016,Michigan,109,NA,NA
245,6/15/2016,Michigan,87,NA,NA
245,6/15/2016,Michigan,70,NA,NA
